Species,FDMP22H001643-1a_L1_CXD_0801,FDMP22H001643-1a_L1_CXD_0802,FDMP22H001643-1a_L1_CXD_0803,FDMP22H001643-1a_L1_CXD_0804,FDMP22H001643-1a_L1_CXD_0805,FDMP22H001643-1a_L1_CXD_0806,FDMP22H001643-1a_L1_CXD_0807,FDMP22H001643-1a_L1_CXD_0808,FDMP22H001643-1a_L1_CXD_0809,FDMP22H001643-1a_L1_CXD_0810,FDMP22H001643-1a_L1_CXD_0811,FDMP22H001643-1a_L1_CXD_0812,FDMP22H001643-1a_L1_CXD_1001,FDMP22H001970-1a_L1_CXD_1002,FDMP22H001970-1a_L1_CXD_1003,FDMP22H001970-1a_L1_CXD_1004,FDMP22H001643-1a_L1_CXD_1005,FDMP22H001643-1a_L1_CXD_1006,FDMP22H001643-1a_L1_CXD_1007,FDMP22H001643-1a_L1_CXD_1008,FDMP22H001643-1a_L1_CXD_1009,FDMP22H001643-1a_L1_CXD_1010,FDMP22H001970-1a_L1_CXD_1011,FDMP22H001643-1a_L1_CXD_1012,FDMP22H001970-1a_L1_CXD_1013,FDMP22H001970-1a_L1_CXD_1014,FDMP22H001970-1a_L1_CXD_1015,FDMP22H001970-1a_L1_CXD_1201,FDMP22H001643-1a_L1_CXD_1202,FDMP22H001643-1a_L1_CXD_1203,FDMP22H001643-1a_L1_CXD_1204,FDMP22H001643-1a_L1_CXD_1205,FDMP22H001643-1a_L1_CXD_1206,FDMP22H001643-1a_L1_CXD_1207,FDMP22H001970-1a_L1_CXD_1208,FDMP22H001643-1a_L1_CXD_1209,FDMP22H001643-1a_L1_CXD_1210,FDMP22H001643-1a_L1_CXD_1211,FDMP22H001643-1a_L1_CXD_1212,FDMP22H001643-1a_L1_CXD_1213,FDMP22H001643-1a_L1_CXD_1214,FDMP22H001643-1a_L1_CXD_1215,FDMP22H001643-1a_L1_CXD_0202,FDMP22H001643-1a_L1_CXD_0203,FDMP22H001643-1a_L1_CXD_0204,FDMP22H001643-1a_L1_CXD_0205,FDMP22H001643-1a_L1_CXD_0206,FDMP22H001643-1a_L1_CXD_0207,FDMP22H001644-1a_L1_CXD_0208,FDMP22H001644-1a_L1_CXD_0209,FDMP22H001644-1a_L1_CXD_0210,FDMP22H001644-1a_L1_CXD_0211,FDMP22H001644-1a_L1_CXD_0212,FDMP22H001644-1a_L1_CXD_0213,FDMP22H001644-1a_L1_CXD_0214,FDMP22H001644-1a_L1_CXD_0215,FDMP22H001644-1a_L1_CXD_1401,FDMP22H001644-1a_L1_CXD_1402,FDMP22H001644-1a_L1_CXD_1403,FDMP22H001644-1a_L1_CXD_1404,FDMP22H001644-1a_L1_CXD_1405,FDMP22H001644-1a_L1_CXD_1406,FDMP22H001644-1a_L1_CXD_1407,FDMP22H001644-1a_L1_CXD_1408,FDMP22H001644-1a_L1_CXD_1409,FDMP22H001644-1a_L1_CXD_1410,FDMP22H001644-1a_L1_CXD_1411,FDMP22H001644-1a_L1_CXD_1412,FDMP22H001644-1a_L1_CXD_1413,FDMP22H001644-1a_L1_CXD_1414,FDMP22H001644-1a_L1_CXD_1415,FDMP22H001644-1a_L1_CXD_1601,FDMP22H001644-1a_L1_CXD_1602,FDMP22H001644-1a_L1_CXD_1603,FDMP22H001644-1a_L1_CXD_1604,FDMP22H001644-1a_L1_CXD_1605,FDMP22H001644-1a_L1_CXD_1606,FDMP22H001644-1a_L1_CXD_1607,FDMP22H001644-1a_L1_CXD_1608,FDMP22H001644-1a_L1_CXD_1609,FDMP22H001644-1a_L1_CXD_1610,FDMP22H001644-1a_L1_CXD_1611,FDMP22H001644-1a_L1_CXD_1612,FDMP22H001644-1a_L1_CXD_1613,FDMP22H001644-1a_L1_CXD_1614
Abeoformidae_Group_MAIP_1,0,0,0,0,2,0,0,0,0,0,0,0,0,0,0,0,0,0,0,0,0,0,0,0,0,0,0,0,0,0,0,0,0,0,0,0,0,0,0,0,0,0,0,0,0,0,0,0,0,0,0,0,0,0,0,0,0,0,0,0,0,0,0,0,0,0,0,0,0,0,0,0,0,0,0,0,0,0,0,0,0,3,0,0,0
Abeoformidae_Group_MAIP_2,4,4,8,0,0,0,4,0,0,0,0,2,0,0,0,2,0,0,0,0,0,0,0,3,0,13,3,0,0,0,0,0,0,0,0,0,0,0,2,2,0,0,0,0,0,0,3,0,0,0,2,0,0,0,0,0,0,0,0,0,0,0,0,0,0,0,0,0,0,0,0,0,0,0,0,3,0,0,0,0,0,0,0,0,8
Acantharea_B2,0,0,0,0,0,0,0,0,0,5,0,0,0,0,0,0,0,0,0,0,0,0,0,0,0,0,0,0,0,0,0,0,0,0,0,0,0,0,0,0,0,0,0,0,0,0,0,0,0,0,0,0,0,0,0,0,0,0,0,0,0,0,0,0,0,0,0,0,0,0,0,0,0,0,0,0,0,0,0,0,0,0,0,0,0
Acantharea_E2,0,0,0,0,0,0,0,0,0,0,0,0,0,0,0,0,0,0,0,0,0,0,0,0,0,0,0,0,0,0,0,0,0,0,0,0,0,0,0,0,0,0,0,0,0,0,0,0,0,0,0,0,0,0,0,0,0,0,0,0,0,4,0,0,0,0,0,0,0,0,0,0,0,0,0,0,0,0,0,0,0,0,0,0,0
Acantharea_F3,0,0,0,0,0,0,0,0,0,0,0,0,0,0,0,0,0,0,0,0,0,0,0,0,0,0,0,0,0,0,0,0,0,0,0,0,0,0,0,0,0,0,0,0,0,0,0,0,0,0,0,0,0,0,0,0,0,0,0,0,0,5,0,0,0,0,0,0,0,0,0,0,0,0,0,0,0,0,0,0,0,0,0,0,0
Acanthoecidae,0,0,0,0,0,0,0,4,0,0,0,0,0,0,0,7,0,3,0,0,0,0,0,0,0,0,0,0,0,0,0,0,2,0,0,0,0,0,0,2,0,0,0,3,0,0,0,0,0,0,0,0,0,0,0,0,0,0,0,0,0,3,0,0,0,0,0,0,0,0,0,0,0,0,0,0,0,0,0,0,0,0,0,4,0
Acanthoecidae_Group_G,3,23,4,3,4,3,0,0,0,0,0,0,8,56,30,14,16,6,0,7,8,0,16,6,0,7,3,0,0,0,2,9,4,0,0,5,0,5,0,0,0,0,0,0,0,3,0,0,0,0,0,0,0,0,0,0,0,6,0,3,0,0,0,0,4,0,5,0,4,0,0,0,0,5,2,0,0,0,0,3,3,5,0,7,0
Achnanthaceae,0,0,7,10,0,11,14,0,15,5,0,15,0,0,0,0,0,0,14,11,0,0,0,0,0,0,0,0,0,0,0,9,0,0,3,0,0,0,0,0,18,0,0,7,6,0,0,0,0,0,0,0,0,0,12,7,0,7,0,7,0,0,0,0,0,0,0,0,9,0,0,0,0,0,0,0,0,11,0,13,12,0,0,2,0
Achnanthidiaceae,0,0,0,0,0,0,0,0,0,0,0,0,0,0,0,0,0,0,0,0,0,0,0,0,0,0,0,0,0,0,0,0,0,0,0,0,0,0,0,3,0,0,0,0,0,0,0,0,0,0,0,0,0,0,0,0,0,0,0,0,0,0,0,0,0,0,0,0,0,0,0,0,0,0,0,0,0,0,0,0,0,0,0,0,0
Actinocephalidae,0,0,0,0,0,2,0,0,0,0,0,0,0,0,0,0,0,0,0,0,0,0,0,0,0,0,0,0,0,0,0,0,0,0,0,0,0,0,0,0,0,0,0,0,0,0,0,0,0,0,0,0,0,0,0,0,0,0,0,0,0,0,0,0,0,0,0,0,0,0,0,0,0,0,0,0,0,0,0,0,0,0,0,0,0
Agitatidae,0,0,0,0,0,0,0,0,0,0,0,0,0,0,0,0,0,0,0,0,0,0,0,0,0,0,0,0,0,0,0,0,0,0,0,0,0,0,0,0,0,0,0,0,0,0,0,0,0,0,0,0,0,0,0,0,0,0,0,0,0,0,0,0,0,2,0,0,0,0,0,0,0,0,0,0,0,0,0,0,0,0,0,0,0
Allobodonidae,0,0,0,0,0,0,0,0,0,0,0,0,0,0,0,0,0,0,0,0,0,0,0,0,0,0,4,0,0,0,0,0,0,0,0,0,0,0,0,0,0,0,0,0,0,0,0,0,0,0,0,0,0,0,0,0,0,0,0,0,0,0,0,0,0,0,0,0,0,0,0,0,0,0,0,0,0,0,0,0,0,0,0,0,0
Alphamonaceae,0,0,0,0,0,0,0,0,0,0,0,0,0,0,0,0,0,0,0,0,0,0,0,0,0,0,0,0,0,0,0,0,0,0,0,0,0,0,0,0,0,0,0,0,0,0,0,0,0,0,0,0,0,0,0,3,0,0,0,0,0,0,0,0,0,0,0,0,0,0,0,0,0,0,0,0,0,0,0,0,0,0,0,0,0
Amphidiniopsidaceae,99,294,103,160,66,45,108,57,143,21,144,110,45,232,87,95,32,31,66,79,74,69,473,86,453,1196,186,109,57,34,81,65,36,46,356,50,62,183,21,68,29,11,26,21,39,28,52,30,15,16,21,18,5,6,31,57,19,52,35,29,31,0,18,20,21,33,197,498,85,154,846,59,47,122,27,31,13,23,23,140,149,662,220,160,234
Amphidomataceae,0,0,0,0,0,0,0,0,0,0,0,0,0,0,0,0,0,0,0,0,0,0,0,0,0,0,0,0,0,0,0,0,0,0,8,0,0,0,0,0,0,0,0,0,0,0,0,0,0,0,0,0,0,0,0,0,0,0,0,0,0,0,2,0,2,0,0,0,0,0,0,5,2,0,0,0,0,0,0,0,0,0,12,0,0
Amphifilaceae,5,21,2,0,0,3,4,0,0,35,3,4,0,3,3,2,8,10,3,4,0,34,0,0,17,7,3,3,2,0,3,0,0,2,22,23,4,14,2,2,10,3,22,0,4,9,2,10,4,6,16,8,5,4,7,35,47,12,3,23,5,21,10,10,6,3,4,10,0,0,3,6,0,4,11,3,0,2,0,0,0,4,0,0,7
Amphipleuraceae,682,298,230,416,523,464,228,261,198,139,256,297,310,187,196,193,508,453,265,240,131,177,171,139,124,94,105,123,341,225,138,173,76,70,93,75,351,129,106,223,270,258,129,100,0,39,83,73,0,0,0,41,38,18,34,30,36,33,0,0,12,8,25,35,16,15,42,26,39,30,45,0,21,33,10,53,21,23,13,25,47,50,15,43,29
Anaulaceae,28,7,7,10,0,0,0,0,0,0,0,11,15,0,13,9,3,11,0,16,4,17,23,9,0,12,13,0,7,0,8,0,0,0,12,7,13,0,10,0,0,0,0,0,0,0,11,5,0,0,0,0,0,0,0,0,6,0,0,0,0,0,0,0,0,0,0,0,0,8,10,0,0,3,6,5,0,0,0,0,0,14,0,0,0
Ancyromonadida_Group-1,14,6,6,0,6,0,0,6,0,0,0,0,0,41,17,18,21,10,4,0,3,14,37,2,24,70,37,0,0,0,0,9,3,3,21,0,5,2,0,0,5,3,8,6,0,3,0,0,0,25,5,14,9,5,0,0,34,8,45,53,34,673,15,34,78,16,11,0,13,10,8,354,43,55,14,83,5,6,2,9,9,11,18,4,12
Annelida_XX,609,301,360,170,351,222,22290,3982,2855,24033,247,2171,566,96,1506,165,370,281,2805,876,27082,4762,628,19602,4793,54,198,73,125,35,1235,194,1881,1252,471,1089,366,1766,145,40,370,28,1377,242,1780,1420,48,1352,3561,112,126,34,68,224,3866,295,83,980,491,38,567,279,175,196,541,1201,16129,3415,704,14234,7647,170,885,328,411,375,225,533,44663,1032,484,1786,20752,252,1180
Anoecales_X,0,0,3,6,0,0,0,0,0,0,2,0,0,0,0,0,0,0,0,0,0,0,0,0,0,3,0,4,0,0,0,0,0,0,0,0,0,0,0,0,0,0,0,0,0,0,0,0,0,0,0,0,0,0,3,0,0,0,0,0,0,0,0,0,0,0,0,0,0,0,0,0,0,0,0,0,0,0,0,0,0,0,0,0,2
Anomalodesmata,0,0,0,0,0,0,0,0,0,0,0,0,0,0,0,0,2,0,0,0,0,0,0,0,0,0,0,0,0,0,0,0,0,0,0,0,0,0,0,0,0,0,0,0,0,0,0,0,0,0,0,0,0,0,0,0,0,0,0,0,0,0,0,0,0,0,0,0,0,0,0,0,0,0,0,0,0,0,0,0,0,0,0,0,0
Anomoeoneidaceae,0,0,0,0,0,0,0,0,0,0,0,0,0,0,0,0,0,0,0,0,0,0,0,0,0,0,0,0,0,0,0,0,0,0,0,0,0,0,0,0,0,0,0,0,0,0,8,0,0,0,3,0,0,0,13,0,0,2,0,0,0,0,0,0,0,0,0,0,0,0,0,0,0,0,0,0,0,0,0,0,0,0,0,0,0
Anthozoa,14,34,17,18,0,3,6,6,9,0,6,15,5,14,19,9,0,3,0,0,0,0,6,0,0,7,11,0,0,0,0,0,0,0,0,0,0,7,0,0,0,0,7,0,0,6,0,0,0,3,10,7,4,0,0,0,4,0,2,0,6,7,11,8,10,0,3,0,9,0,0,3,6,28,28,26,4,3,0,9,5,0,7,3,0
Aplacophora_X,0,0,0,0,0,0,0,0,0,0,0,0,0,4,0,0,0,0,0,0,0,0,0,0,0,0,0,0,0,0,0,0,0,0,0,0,0,0,0,0,0,0,0,0,0,0,0,0,0,0,0,0,0,0,0,0,0,0,0,0,0,0,0,0,0,0,0,0,0,0,0,0,0,0,0,0,0,0,0,0,0,0,0,0,0
Apusomonadidae_Group-1_X,73,60,81,95,94,12,107,62,70,41,74,62,90,143,146,155,121,89,190,219,53,66,110,50,147,226,120,83,90,62,175,57,112,38,130,112,59,121,57,44,59,138,776,220,138,67,116,53,0,2,72,11,56,51,52,54,41,43,35,121,77,100,516,66,476,107,69,61,63,76,19,5,39,95,95,125,93,306,6,87,76,62,57,70,31
Arachnida,0,0,0,0,0,0,0,0,0,0,0,0,0,0,0,0,0,0,0,0,0,0,0,0,0,0,0,0,0,0,0,0,0,0,0,0,0,0,0,0,0,0,0,0,0,0,0,0,0,0,0,0,0,0,0,0,0,0,0,2,0,0,0,0,0,0,0,0,0,0,0,0,0,0,0,0,0,0,0,0,0,0,0,0,0
Archosauria,0,0,0,0,0,0,0,0,0,0,0,0,0,0,0,0,3,0,0,0,0,0,0,0,0,0,0,0,0,0,0,0,0,0,0,0,0,0,0,0,0,0,0,0,0,0,0,0,0,0,0,0,0,0,0,0,0,0,0,0,0,0,0,0,0,0,0,0,0,0,0,0,0,0,0,0,0,0,0,0,0,0,4,0,0
Asterionellopsidaceae,0,0,0,0,0,0,0,0,0,0,0,10,0,5,0,0,0,0,0,4,0,0,0,0,0,0,0,0,0,0,0,0,0,0,0,0,0,0,0,0,0,0,0,0,0,0,0,14,0,0,0,0,0,0,9,56,0,26,9,15,11,7,0,4,21,14,18,73,21,19,51,5,0,3,0,5,7,0,7,46,9,42,9,6,0
Bacillariaceae,1139,1212,862,920,919,1156,946,1047,796,595,822,1070,1164,1488,1320,1245,1261,1385,1462,1422,675,1054,1675,1049,1756,1735,1399,1163,1308,1178,1315,1150,1038,910,1552,901,1627,1517,963,1064,1218,1475,1558,1343,1087,1075,1305,1233,790,520,627,617,1087,1053,1890,1195,1438,1815,702,1696,959,941,603,682,1381,1028,1893,1603,2004,1414,1323,1451,1369,1344,888,1456,1505,1892,830,2751,3165,3436,1438,3005,2118
Bacillariophyceae_XX,0,0,0,0,3,0,3,0,0,0,0,0,0,0,0,0,0,0,0,0,0,0,0,0,0,0,0,0,0,0,0,0,0,0,0,0,0,0,0,0,0,0,0,0,0,0,0,0,0,0,0,0,0,0,0,0,0,0,0,0,0,0,0,0,0,0,0,0,0,0,0,0,0,0,0,0,0,0,0,0,0,0,0,0,0
Bangiaceae,0,33,0,0,0,0,29,6,3,3,6,26,0,0,0,23,0,0,36,0,0,4,0,16,0,0,0,18,15,0,191,15,9,11,0,21,41,264,23,30,34,22,113,81,44,66,181,219,32,52,36,508,2287,107,30,55,33,39,12,24,0,0,0,25,170,2,0,0,0,0,0,0,0,4,0,34,81,0,0,0,0,0,0,0,0
Bathycoccaceae,0,5,0,0,0,0,0,0,0,0,0,0,0,0,0,0,0,0,0,0,0,0,0,0,0,0,0,0,0,0,0,0,0,0,0,0,0,0,0,0,0,0,0,0,0,0,0,0,0,2,0,0,0,0,0,0,0,0,0,0,0,0,0,0,0,0,0,0,0,0,0,2,0,0,0,0,0,0,0,0,3,0,0,0,0
Berkeleyaceae,126,178,91,93,118,131,59,109,118,63,166,140,136,106,148,83,165,146,106,181,88,143,414,137,158,155,178,123,155,141,131,142,158,94,317,123,272,250,133,126,228,228,149,201,141,157,303,160,73,22,57,62,88,54,80,77,31,46,24,29,37,14,17,16,49,42,62,64,24,55,131,28,30,26,28,24,34,22,26,36,23,55,81,19,176
Bicoecaceae,0,0,0,0,0,0,0,0,0,0,2,0,0,6,3,0,0,0,0,5,0,2,5,0,3,0,0,0,0,0,0,0,0,0,5,0,0,0,0,0,0,0,0,0,0,0,0,0,0,0,0,0,0,0,0,0,0,0,0,0,0,0,0,0,0,0,0,0,0,0,0,0,0,0,0,0,0,0,0,3,0,0,0,0,0
Bodomorphidae,0,0,0,0,0,0,0,0,0,0,0,0,0,0,0,0,0,0,0,0,0,0,0,0,0,0,0,2,0,0,0,0,0,0,0,0,0,0,0,0,0,0,0,0,0,0,0,0,0,0,0,0,0,0,0,0,0,0,0,0,0,0,0,0,0,0,0,0,0,0,0,0,0,0,0,0,0,0,0,0,0,0,0,0,0
Bodonidae,0,0,0,0,0,0,0,0,0,0,0,0,0,0,0,0,0,0,0,0,0,0,0,0,0,0,0,0,0,0,0,0,0,0,0,0,0,0,0,0,0,0,0,0,0,0,0,0,0,0,0,0,0,0,0,0,0,0,0,0,0,0,0,0,0,0,0,0,0,0,0,4,0,0,0,0,0,0,0,0,0,0,0,0,0
Borghiellaceae,0,9,0,0,0,0,0,0,0,0,0,0,0,0,0,0,0,0,0,0,0,0,0,0,0,20,0,0,0,0,0,0,0,0,0,0,0,9,0,0,0,0,0,0,0,0,0,0,0,0,0,0,0,0,0,0,0,0,0,0,0,0,0,0,0,0,0,0,0,0,0,0,0,0,0,0,0,0,0,0,0,0,0,0,0
Botuliformidae,275,301,302,609,720,373,346,279,203,117,497,314,76,98,106,159,441,190,192,141,76,67,89,100,303,149,151,158,290,97,184,113,54,42,156,81,81,51,80,191,252,98,116,98,65,64,135,51,90,50,139,108,91,60,88,247,68,96,663,105,122,83,111,146,125,65,76,111,62,62,50,33,111,91,164,139,145,106,34,247,81,72,151,44,217
Breviata-lineage,4,0,0,11,0,0,2,5,0,4,0,0,0,0,0,0,0,0,0,0,0,0,0,2,0,0,0,0,0,0,0,0,0,0,3,0,3,0,0,0,0,0,0,0,0,0,3,0,0,0,0,0,0,0,0,0,0,0,0,3,0,0,0,0,0,0,0,0,0,0,0,0,0,0,0,0,0,0,0,0,0,0,0,0,0
Breviatea_XXXX,2,3,0,0,0,0,0,0,0,0,0,0,0,0,0,0,0,0,0,0,0,0,4,0,0,0,4,0,0,0,0,6,4,0,0,0,0,0,0,0,0,0,0,0,2,0,0,0,0,0,0,0,17,0,0,0,0,3,0,0,0,0,0,0,10,0,0,3,0,3,0,0,7,0,0,0,61,0,0,0,0,2,0,0,0
Caecitellaceae,2,0,0,0,0,0,0,0,0,0,0,0,0,0,0,0,0,0,0,0,0,0,0,0,0,0,0,0,0,0,0,0,0,0,0,0,0,0,0,0,0,0,0,0,0,0,0,0,0,0,0,0,0,0,0,0,3,0,0,0,0,2,0,0,0,0,0,0,0,0,0,0,0,0,0,0,0,0,0,0,0,0,0,0,0
Caenogastropoda,0,0,8,0,0,0,0,0,0,0,0,0,0,0,23,0,0,0,0,0,0,0,0,0,7,8,25,8,0,0,3,0,2,0,7,0,0,0,5,0,0,0,2,0,0,0,0,0,0,0,4,0,0,0,0,0,0,0,0,0,0,0,0,0,0,0,0,0,0,0,0,0,0,0,0,0,0,0,0,0,0,0,0,0,0
Cafeteriaceae,0,0,0,0,0,0,0,5,4,0,5,0,0,0,2,0,0,0,0,0,0,0,0,0,0,0,2,0,0,0,0,0,0,0,0,0,0,3,0,0,0,0,0,0,0,0,0,0,0,0,0,0,0,0,0,0,0,0,0,0,0,0,0,0,0,0,0,0,0,0,0,3,0,6,3,3,0,0,0,3,4,0,0,0,0
Carpediemonadidae,0,2,16,5,2,5,2,0,0,2,0,14,0,0,0,6,28,0,0,0,0,5,2,0,0,0,0,0,0,0,0,0,0,0,0,0,0,0,0,0,0,0,0,0,0,2,0,0,0,0,0,0,0,0,0,0,0,0,0,0,0,0,0,0,0,0,0,0,0,0,0,0,0,0,0,0,0,0,0,0,0,0,0,0,0
Catenulaceae,1344,1319,1248,1290,1350,1633,1040,1322,1041,898,1052,1514,1473,2681,2053,2214,1834,2241,1954,2208,1167,1673,2109,1390,1568,2015,1159,1363,1109,1152,1133,1451,948,964,1193,1109,1298,1269,943,1026,1017,1314,1251,1370,982,1211,1114,1091,524,541,786,1140,935,925,857,996,432,521,640,549,408,515,279,454,970,621,688,762,609,337,413,405,797,1464,610,1224,965,1020,340,1421,931,860,740,933,914
CCW10-lineage,0,4,34,22,29,21,18,9,21,19,26,19,11,16,5,10,15,13,0,14,0,61,32,5,22,42,38,5,34,11,18,28,25,11,62,32,21,0,12,13,17,21,34,18,16,11,11,17,15,9,10,22,17,19,16,19,24,24,13,34,7,0,0,0,4,8,8,0,12,9,49,0,0,0,0,0,0,0,0,0,16,10,0,0,20
Centroplasthelida_XXXX,8,4,5,0,3,8,3,0,6,18,0,20,5,89,17,49,16,2,5,31,2,38,15,3,37,52,6,29,3,6,0,10,0,4,14,0,7,0,0,0,0,0,0,0,0,9,0,2,0,12,0,3,0,0,0,0,0,4,2,10,3,7,0,4,0,0,0,0,4,0,0,40,17,339,41,60,7,15,3,12,14,59,44,67,39
Cephalochordata_XX,0,0,0,0,0,0,0,0,0,0,0,0,0,0,0,0,0,0,0,0,0,0,0,0,0,0,0,0,0,0,0,0,0,0,0,0,0,0,0,0,0,0,2,0,0,0,0,0,0,0,0,0,0,0,0,0,0,0,0,0,0,0,0,0,0,0,0,0,0,0,0,0,0,0,0,0,0,0,0,0,0,0,0,0,0
Cercomonadidae,32,59,9,35,14,8,24,13,8,4,37,47,7,0,2,0,9,2,13,5,0,19,8,33,31,25,11,23,17,11,27,9,14,6,53,88,14,22,4,7,25,10,15,7,6,6,18,52,6,31,10,3,7,0,7,19,3,0,2,0,0,0,0,0,0,3,0,2,0,2,5,0,0,4,0,0,0,0,0,0,0,0,2,0,20
Cercozoa_XXX,11,25,13,14,29,12,38,16,18,21,18,32,21,85,59,70,40,15,48,34,17,8,54,22,51,49,21,17,18,0,9,11,22,9,13,3,24,15,9,10,12,6,0,12,7,12,22,25,6,8,15,4,13,8,13,5,8,0,4,6,12,3,5,11,29,4,15,13,9,7,9,0,2,9,2,3,17,10,0,7,6,9,0,3,4
Chaetocerotaceae,120,84,86,64,63,111,66,78,67,37,69,123,49,56,18,50,52,64,56,90,25,20,88,83,77,91,70,84,21,37,43,64,32,23,126,62,58,42,22,23,32,44,28,61,31,7,49,83,42,10,25,60,14,32,89,80,121,199,25,124,38,26,24,22,42,26,88,130,137,148,103,137,127,100,84,131,102,142,50,234,368,621,190,345,163
Chilodonellidae,0,4,0,0,0,0,0,0,0,0,0,0,0,0,3,0,0,0,0,0,0,0,3,0,0,0,0,4,0,0,0,0,0,0,3,0,0,0,0,0,0,0,0,0,0,0,0,0,63,33,13,27,33,38,31,35,314,61,16,337,157,206,160,125,70,60,94,60,171,59,17,4562,10,10,0,10,2,4,0,0,44,11,0,92,0
Chlamydodontidae,20,7,6,7,11,9,0,9,5,0,16,430,5,44,42,33,7,11,13,4,8,4,195,12,6,0,0,8,0,0,0,0,0,0,32,4,0,0,0,0,0,0,5,7,4,4,14,21,0,5,7,3,19,4,4,0,0,0,0,4,0,0,0,0,0,0,0,0,0,0,0,0,0,3,0,0,0,0,0,0,0,0,10,0,0
Chlamydomonadales_X,4,10,4,7,19,29,18,30,11,0,12,6,6,4,15,8,8,6,3,6,3,12,23,12,26,6,10,14,10,6,6,12,0,0,7,3,0,2,3,3,0,8,0,3,7,0,0,0,0,0,0,0,0,6,3,0,3,3,0,3,4,0,9,13,4,4,8,0,7,0,3,15,5,4,0,5,0,0,0,8,3,2,3,4,0
Chlamydophryidae,129,97,34,223,231,185,205,192,119,93,260,148,86,130,89,39,313,161,147,165,57,93,121,53,154,214,102,131,142,56,111,115,112,53,237,62,97,48,49,68,118,57,100,110,66,68,189,112,71,19,42,63,29,20,47,121,32,41,30,26,55,0,20,18,9,9,19,14,42,16,10,106,148,88,50,89,46,34,24,138,30,49,71,48,341
Chlorarachnida_X,0,0,0,0,0,0,0,0,0,0,0,0,0,0,0,0,0,0,0,0,0,0,0,0,0,0,0,0,0,0,0,0,0,0,0,0,0,0,0,0,0,0,0,0,0,0,0,0,0,0,0,0,0,0,0,0,0,0,0,0,0,0,0,0,0,0,0,0,0,0,0,0,0,0,0,0,0,0,0,0,2,0,0,0,0
Chlorellales_X,177,195,139,182,100,160,83,197,107,91,85,180,86,82,109,162,112,117,143,286,51,73,237,197,584,338,257,118,76,85,48,138,33,148,161,96,63,18,44,16,19,52,26,41,20,39,42,55,0,0,34,11,0,14,0,9,9,16,0,17,30,8,71,45,18,11,0,18,44,12,18,67,56,65,103,69,37,60,5,54,84,56,68,49,22
Chlorodendraceae,11,0,0,8,0,8,0,8,4,0,5,16,19,23,30,24,16,15,31,25,16,14,54,9,39,9,38,19,8,12,8,17,7,17,49,10,13,9,4,0,8,5,28,51,30,77,30,24,0,0,7,25,5,15,8,8,3,0,0,5,0,0,0,8,5,0,0,5,6,0,5,0,4,0,7,0,11,8,3,13,6,8,7,4,0
Chlorophyta_XXXX,0,0,0,0,0,0,0,0,0,0,0,0,0,0,0,0,0,0,0,0,0,0,0,0,0,0,0,0,0,0,0,0,0,0,0,0,0,0,0,0,0,0,0,0,0,0,0,0,0,0,0,0,0,0,0,0,0,0,0,0,0,0,0,0,0,0,0,0,0,0,0,0,0,2,0,0,0,0,0,0,0,0,0,0,0
Chloropicaceae,0,0,0,0,0,0,0,0,0,0,0,3,0,0,0,0,0,0,0,0,0,0,2,0,0,0,0,0,0,0,0,0,0,0,0,0,0,0,0,0,0,0,0,0,0,0,0,0,0,0,0,0,0,0,0,0,0,0,0,0,0,0,0,0,0,0,0,0,0,0,0,0,0,0,0,0,0,0,0,0,0,0,0,0,0
Choanoflagellatea_XX,0,4,0,2,0,5,0,0,0,0,6,0,2,5,0,0,0,0,3,0,3,0,0,0,0,4,0,0,0,0,0,3,0,0,0,0,0,0,0,0,0,0,0,0,0,0,0,0,0,0,0,0,3,4,0,0,0,0,0,3,0,11,0,0,0,5,6,0,0,0,2,0,0,12,0,4,0,2,0,3,0,0,0,7,0
Choanoflagellatea_XX_Group_L,3,0,4,2,0,0,0,0,2,0,4,0,0,0,0,0,0,0,0,0,0,0,0,0,0,0,0,0,0,0,0,0,0,0,0,0,0,0,0,0,0,0,0,0,0,0,0,0,0,0,0,0,0,0,0,2,0,0,0,0,0,0,0,0,0,0,0,0,2,0,0,0,0,0,0,0,0,0,0,0,0,0,0,0,0
Choreotrichida-Tintinnina_X,0,0,0,0,0,0,0,0,0,0,0,0,0,0,0,0,2,0,0,0,0,0,0,0,0,0,0,0,0,0,0,0,0,0,0,0,0,0,0,0,0,0,0,0,0,0,0,3,0,0,0,0,0,0,0,0,0,0,0,0,0,0,0,0,0,0,4,0,0,0,0,0,0,0,0,0,0,0,0,0,0,0,0,0,0
Choreotrichida_X,0,7,12,5,0,0,0,0,5,6,282,2,0,0,29,0,0,0,0,0,0,0,0,0,0,0,31,0,0,0,0,0,0,0,0,0,0,0,0,0,0,0,0,0,0,0,26,0,0,0,11,0,0,0,0,0,0,2,0,0,0,0,112,0,0,0,0,0,0,0,0,0,0,0,17,0,0,0,0,0,0,0,0,0,0
Chromadorea_X,3433,5080,5183,5022,9236,11077,9398,9590,9232,7804,7550,8392,3677,19465,19528,16104,8950,12490,14456,12807,7606,13158,8907,7240,9900,10095,10314,7651,8447,8582,11158,11310,8567,13690,5091,5749,2392,3960,4678,3809,4971,6696,9108,9502,6290,12206,4497,5250,6041,3548,6522,5296,5683,9039,5530,4139,2552,3954,21663,4637,21827,8614,40196,16082,24581,35421,3746,6496,4598,2752,6029,3869,10234,7583,22693,19294,9512,23297,1573,12266,13065,6080,4934,5284,9150
Chromadoridae,0,0,0,0,0,0,0,0,9,0,0,0,0,0,0,0,0,0,0,0,0,0,0,0,0,0,11,0,0,0,0,0,0,0,0,0,0,0,0,0,0,0,2,0,0,0,0,0,0,0,0,0,0,0,0,0,0,0,0,0,0,0,0,0,0,0,0,0,0,0,0,0,0,0,0,0,0,0,0,0,0,0,0,0,0
Chromeraceae,21,12,11,12,16,12,4,6,9,9,10,17,5,51,13,12,0,18,8,18,6,10,41,9,57,16,41,20,12,4,11,10,11,13,41,9,5,10,2,0,0,0,7,0,0,9,5,0,2,0,0,0,0,0,0,5,2,4,5,0,3,0,0,4,0,6,0,7,7,11,39,5,0,13,0,6,0,8,3,16,14,15,22,9,25
Chrysophyceae_Clade-EC2H_X,2,0,0,0,0,0,0,0,0,0,10,2,2,4,4,0,0,0,0,4,0,0,5,0,0,13,7,0,6,0,0,0,0,0,0,0,0,4,0,0,2,0,5,0,0,0,0,0,0,0,0,0,0,5,0,0,0,0,8,0,6,0,0,0,5,0,5,0,0,0,0,0,2,4,0,0,3,0,0,0,0,3,2,0,0
Chrysotilaceae,0,0,0,0,0,0,0,0,0,0,0,0,0,0,0,0,0,0,0,3,0,0,0,2,0,0,0,0,0,0,0,0,0,0,0,0,0,0,0,0,0,0,0,0,0,0,0,0,0,0,0,0,0,0,0,0,0,0,0,0,0,0,0,0,0,0,0,0,0,0,0,0,0,0,0,0,0,0,0,0,0,0,0,0,0
Chytriodiniaceae,0,36,0,0,0,0,0,0,0,0,0,0,0,0,0,0,0,0,0,0,0,0,0,0,0,0,0,0,0,0,0,0,0,0,0,0,0,10,0,0,0,0,0,0,0,0,0,0,0,0,0,0,0,0,0,0,0,0,0,0,0,5,0,0,0,0,12,0,0,0,0,0,0,0,0,0,0,0,0,0,0,0,0,0,0
Cladophorales_X,0,0,0,0,0,0,0,0,0,0,0,0,0,0,0,0,0,13,0,0,0,0,0,0,0,0,0,0,0,0,0,0,0,0,0,0,0,0,0,0,0,0,0,0,0,0,0,0,0,0,0,0,0,0,0,0,0,0,0,5,0,0,0,0,0,0,0,0,0,0,0,0,0,0,0,0,0,0,0,0,0,0,0,0,0
Cochliopodiidae,0,0,0,0,0,0,0,0,0,0,0,0,0,4,0,0,0,0,0,0,0,0,0,0,0,0,0,0,0,0,0,0,0,0,2,3,0,0,0,0,0,0,0,0,0,0,0,0,0,0,0,0,0,0,0,0,0,0,0,0,0,0,0,0,0,0,0,0,0,0,0,0,0,0,0,0,0,0,0,0,0,0,0,0,0
Colpodellaceae,39,53,27,42,50,67,60,52,37,76,44,49,43,125,40,85,41,35,53,62,19,46,87,31,129,175,45,74,32,33,22,42,26,62,81,27,16,23,11,10,13,22,18,34,8,30,19,14,3,8,8,14,8,6,5,19,0,5,4,7,8,7,8,15,30,7,7,11,6,0,0,12,10,58,21,41,37,42,0,79,45,37,24,58,16
Colpodellida_CHR1,0,0,0,3,0,0,5,2,0,0,0,4,0,0,0,0,0,0,0,0,0,0,0,0,0,0,0,0,0,0,0,0,0,0,0,0,0,0,0,0,0,0,0,0,0,0,0,0,0,0,0,0,0,0,0,0,0,0,0,0,0,0,0,0,0,0,0,0,0,0,0,0,0,0,0,0,0,0,0,0,2,0,0,0,0
Colpodida,0,0,0,0,0,0,0,0,0,0,0,0,0,0,0,0,0,0,0,0,0,0,0,0,0,0,0,0,0,0,0,0,0,0,0,0,0,0,0,0,0,0,0,0,0,0,0,0,2,0,0,0,0,0,0,0,0,0,0,0,0,0,0,0,2,0,0,0,0,0,0,0,0,0,0,0,0,0,0,0,0,2,0,0,0
CONTH_1_XX,0,0,0,0,0,0,0,0,0,0,0,0,0,0,0,0,0,0,0,0,0,0,0,0,0,0,0,0,0,0,0,0,0,0,0,0,0,0,0,0,0,0,0,0,0,0,0,0,0,3,2,3,0,0,2,0,0,0,0,0,0,0,0,0,0,0,0,0,0,0,0,0,0,0,0,0,0,0,0,0,0,0,0,0,0
CONTH_3_XX,22,26,11,19,26,25,33,32,7,14,40,0,0,94,101,50,0,32,15,16,14,0,149,0,9,41,46,15,6,11,29,17,2,0,53,0,9,15,6,12,13,11,12,0,22,15,27,0,7,8,74,16,23,8,12,13,0,15,0,12,12,9,10,5,13,9,7,15,13,27,8,15,23,22,42,14,0,7,6,9,11,7,19,9,0
CONTH_6_XX,0,2,0,0,0,0,0,0,0,0,0,0,0,0,5,0,0,0,0,0,0,0,108,0,0,0,0,0,0,0,0,0,0,0,164,0,0,0,0,0,0,0,0,0,0,0,0,0,0,0,0,0,0,0,0,0,73,167,28,0,0,0,0,0,0,0,0,0,76,81,27,2,40,90,62,113,58,66,19,71,961,2135,1546,40,0
CONTH_7_XX,112,166,74,230,124,124,104,82,11609,84,187,135,0,0,0,0,2,0,0,0,641,2,0,0,3,0,0,0,0,0,0,0,785,0,0,8,5,0,0,0,4,0,0,0,643,0,0,0,0,0,0,0,0,0,0,0,0,0,0,0,0,0,0,0,0,0,0,0,0,0,6,0,0,0,0,0,0,0,0,0,0,0,0,0,10
CONTH_8_XX,0,0,0,0,0,0,0,0,0,0,0,0,0,0,0,0,0,0,0,0,0,29,0,0,0,0,0,6,0,0,0,0,0,0,0,0,0,0,0,0,0,0,0,0,0,0,0,0,0,0,0,18,0,0,0,0,0,0,0,0,0,4,0,0,0,0,0,2,0,0,127,0,0,0,0,0,0,0,0,0,0,0,4,0,168
CONThreeP_XX,51,74,42,30,19,69,23,30,56,20,27,75,4,57,20,20,13,36,21,15,11,42,70,19,80,102,64,31,14,11,28,0,26,12,44,24,14,17,0,0,6,16,5,7,9,13,0,23,3,9,11,16,7,4,0,8,0,8,0,0,0,0,3,0,0,21,0,11,14,25,115,4,0,71,21,36,4,15,0,16,0,41,20,9,13
Corallinales_X,0,3,0,0,0,0,0,0,0,0,0,0,0,0,0,0,0,0,0,0,0,0,0,0,0,0,0,0,0,0,0,0,0,0,0,0,0,0,0,0,0,0,0,0,0,0,0,0,0,0,0,0,0,0,0,0,0,0,0,0,0,0,0,0,0,0,0,0,0,0,0,0,0,0,0,0,0,0,0,0,0,0,0,0,0
Corallochytridae,4,7,4,0,11,8,0,7,5,0,4,12,0,10,0,7,5,0,4,0,5,0,5,7,17,10,13,7,4,0,7,0,5,0,0,4,8,0,0,0,0,4,0,0,0,5,0,7,3,0,0,0,6,0,0,3,3,10,0,4,0,0,0,0,0,0,0,0,0,0,0,12,0,5,0,0,3,8,0,6,0,8,0,4,0
Coscinodiscaceae,12,37,10,0,0,8,10,12,10,62,17,10,3,0,0,0,0,3,7,0,0,14,0,0,0,0,4,0,0,0,7,0,0,17,0,2,0,10,0,0,0,0,6,0,0,18,0,0,0,0,0,0,0,0,0,0,0,0,0,0,0,0,0,0,0,0,0,0,0,0,0,0,0,0,0,0,0,0,0,0,0,4,0,0,0
Coscinodiscophyceae_XX,0,0,0,0,0,0,0,0,0,0,0,0,0,0,0,0,0,0,0,0,0,0,0,0,0,0,0,0,0,0,0,0,0,0,0,0,0,0,0,0,0,5,0,0,0,0,0,0,3,0,0,9,4,4,0,7,0,0,0,0,0,0,0,0,0,0,0,0,0,0,0,0,0,0,0,0,2,0,0,0,0,0,0,0,0
Craniata_XX,130,774,354,748,162,111,42,49,37,33,73,72,16,114,121,151,286,41,16,27,28,22,23,16,62,47,65,61,40,7,10,11,0,2,10,17,33,72,52,68,51,27,9,0,10,6,17,11,15,27,82,50,16,4,6,0,5,8,510,2,71,331,162,159,143,20,19,15,24,13,13,49,54,362,151,310,115,27,0,50,15,15,38,19,78
Crustomastigaceae,0,0,0,0,0,0,0,0,0,0,0,0,0,0,0,0,0,0,0,0,0,0,0,0,0,0,0,0,0,0,0,0,0,0,0,0,0,0,0,0,0,0,0,0,0,0,0,0,0,0,0,0,0,0,0,0,0,0,0,0,0,0,0,0,0,0,2,0,0,0,0,0,0,0,0,0,0,0,0,0,0,0,0,0,0
Cryomonadida_X,0,0,6,0,0,0,0,0,0,0,0,0,0,0,0,0,0,0,0,0,0,0,0,0,0,6,0,0,0,0,0,0,0,0,0,0,3,6,0,0,0,0,0,0,0,0,0,0,0,0,0,0,7,0,9,3,0,0,0,0,0,0,0,0,10,9,29,0,0,0,0,7,0,0,0,0,13,12,0,0,9,4,0,0,0
Cryothecomonas-lineage,92,145,42,58,123,120,116,96,110,88,131,131,73,0,33,19,98,49,77,105,73,140,152,76,165,132,113,144,438,264,373,531,784,659,726,324,762,857,146,331,490,372,286,258,229,278,317,189,47,101,83,73,132,110,121,98,30,52,25,37,23,48,27,41,78,43,53,70,88,73,56,29,54,62,41,41,82,65,41,156,88,78,98,54,33
Crypthecodiniaceae,3,0,0,0,2,0,0,0,0,0,0,0,0,0,0,0,0,0,0,0,0,2,0,0,0,0,0,0,0,0,0,0,0,0,0,0,0,0,0,0,0,0,0,0,0,0,0,0,0,0,0,0,0,0,0,0,0,0,0,0,0,0,0,0,0,0,0,2,0,0,0,0,0,3,0,0,0,0,0,0,0,0,2,0,0
Cryptomonadales_X,0,0,0,0,0,0,0,4,0,0,0,0,0,0,0,0,0,0,0,0,0,0,0,0,0,0,0,0,0,0,0,0,0,0,0,0,0,0,0,0,0,0,0,0,0,0,0,0,5,0,0,0,0,0,0,0,0,0,0,0,10,12,0,0,0,0,0,0,0,0,0,0,10,0,0,0,0,0,0,0,0,0,0,0,5
Cryptomonadales_X:nucl,0,0,0,0,0,0,0,0,0,0,0,0,0,0,0,0,0,0,0,0,0,0,0,0,0,0,0,0,0,0,0,0,0,0,0,0,0,0,0,0,0,0,0,0,0,0,0,0,7,0,0,0,0,0,0,0,0,0,0,0,5,0,2,0,0,0,0,0,0,0,0,0,5,0,0,0,0,0,0,0,0,0,0,0,24
Ctenophora_XX,0,0,0,3,0,0,0,0,0,0,0,0,0,0,0,0,0,0,0,0,0,0,0,0,0,0,0,0,0,0,0,0,0,0,0,0,0,0,0,0,0,0,0,0,0,0,0,0,0,0,0,0,0,0,0,0,0,0,0,0,0,0,0,0,0,0,0,0,0,0,0,0,0,0,0,0,0,0,0,0,0,0,0,0,0
Cyclotrichium_like_organism_XX,93,69,78,85,82,106,103,70,229,43,70,66,3,14,12,0,0,0,36,6,5,0,8,0,31,22,127,31,21,7,351,14,27,0,23,13,0,0,21,0,0,0,31,9,0,0,0,0,0,0,0,0,0,0,0,0,0,0,0,0,0,0,4,0,0,0,0,3,0,0,0,2,0,0,4,0,0,0,0,0,0,0,0,0,25
Cymatosiraceae,398,367,300,192,191,430,279,308,231,265,236,400,207,273,266,235,217,366,290,343,170,313,513,263,598,533,417,250,197,223,226,229,157,153,452,185,230,153,202,123,100,217,163,123,124,71,181,157,15,29,43,34,0,33,69,71,136,196,81,107,64,13,34,32,63,87,83,126,173,284,270,109,173,179,82,102,135,172,76,249,399,539,284,256,93
Cymbellaceae,0,0,0,7,8,0,0,0,0,0,2,0,0,5,0,7,0,0,0,4,0,0,2,3,0,0,0,0,0,0,0,0,0,5,0,0,0,4,0,0,0,3,0,0,0,0,5,0,0,0,0,0,0,0,0,0,0,0,0,3,0,0,0,0,0,0,0,0,0,0,0,0,0,0,3,0,0,5,0,0,0,0,0,7,0
Cyphoderiidae,108,179,99,128,221,194,204,121,78,44,182,214,92,523,317,340,236,205,239,221,93,78,529,201,295,474,194,134,212,134,173,137,73,72,209,126,48,77,46,33,73,81,73,62,11,64,45,42,0,9,19,25,13,29,0,16,0,13,0,11,0,0,7,4,0,8,0,0,0,0,0,2,2,20,6,6,5,0,0,5,7,0,12,9,35
Cyrtolophosidida,0,0,0,0,0,0,0,0,0,0,2,0,0,0,0,0,0,0,0,0,0,0,0,0,0,0,0,0,0,0,0,0,0,0,0,0,0,0,0,0,0,0,0,0,0,0,0,0,0,0,0,0,0,0,0,0,0,0,0,0,0,0,0,0,0,0,0,0,0,0,0,0,0,0,0,0,0,0,0,0,0,0,0,0,0
Demospongiae,0,0,0,0,0,0,0,0,0,0,0,0,0,0,0,0,0,0,0,0,0,0,0,0,0,0,0,0,0,0,0,0,0,0,0,0,0,0,0,0,0,0,0,0,0,0,0,0,0,0,0,0,0,0,0,0,0,0,0,0,0,0,3,0,0,0,0,0,0,0,0,0,0,0,0,0,0,0,0,0,0,0,0,0,0
Dermamoebidae,3,4,3,0,2,0,0,2,0,0,0,0,0,9,7,0,0,3,3,0,2,7,5,3,7,0,4,0,0,0,0,0,0,0,4,2,0,0,0,0,0,0,2,0,0,3,0,0,0,0,0,0,0,0,0,0,0,0,0,0,0,0,0,0,0,0,0,0,0,0,2,0,0,3,0,0,0,4,0,0,0,0,7,0,0
Developea_XX,0,0,0,0,0,0,0,0,0,0,0,0,17,16,17,18,10,8,7,7,0,0,12,6,0,12,0,0,0,0,0,0,0,0,0,0,0,6,5,0,0,0,0,0,0,0,0,0,0,3,0,0,3,0,0,0,0,0,0,3,0,0,0,0,6,0,0,0,0,3,0,0,0,22,0,22,9,0,0,4,8,0,0,0,0
Dictyochales,0,0,0,0,0,0,0,0,0,0,0,0,0,0,0,0,0,0,0,0,0,0,0,0,0,0,0,0,0,0,0,0,0,0,0,0,0,0,0,0,0,0,0,0,0,0,0,0,0,0,0,0,0,0,0,0,0,0,0,0,0,0,0,0,0,0,0,0,0,0,0,0,3,0,0,0,0,0,0,0,0,0,0,0,0
Didiniidae,0,0,0,0,0,0,0,0,0,0,0,0,0,0,0,0,0,0,0,0,0,0,0,0,0,0,0,0,0,0,0,0,0,0,0,0,0,0,0,0,0,0,0,0,0,0,0,0,0,0,0,0,0,0,0,0,14,0,0,0,0,0,0,2,0,0,5,0,17,0,0,0,0,0,0,0,0,0,0,0,21,0,0,0,0
Dino-Group-I-Clade-1,52,100,53,43,23,16,15,6,9,6,17,30,47,65,52,19,138,87,43,50,21,7,171,145,668,458,293,53,25,40,27,27,30,33,100,24,84,50,61,16,31,52,15,7,9,11,0,25,6,9,12,9,0,8,6,4,31,11,0,7,35,18,15,7,6,0,7,10,11,14,66,0,7,27,12,42,14,0,0,6,8,5,9,7,0
Dino-Group-I-Clade-2,0,0,0,0,0,0,0,0,0,0,0,0,0,0,0,0,0,0,0,0,0,0,0,0,0,0,0,0,0,0,0,0,0,0,0,0,0,0,0,0,0,0,0,0,0,0,0,0,0,0,0,0,0,0,0,0,2,0,0,0,0,0,0,0,0,0,0,7,14,3,0,0,0,0,0,0,0,0,0,0,6,10,5,0,0
Dino-Group-I-Clade-4,49,138,82,35,49,26,40,28,24,53,31,82,39,98,82,83,75,42,43,57,22,116,318,83,317,387,233,47,43,27,32,56,13,47,187,61,29,29,9,11,11,33,20,17,15,52,20,31,2,7,15,9,0,4,2,4,7,41,6,0,15,0,23,5,0,0,0,16,36,67,203,11,18,67,44,30,4,26,7,25,50,67,61,30,45
Dino-Group-I-Clade-5,0,0,0,0,0,0,0,0,0,0,0,0,0,0,0,0,0,0,0,0,0,0,0,0,0,0,0,0,0,0,0,0,0,0,0,0,0,0,0,0,0,0,0,0,0,0,0,0,0,0,0,0,0,0,0,0,0,0,0,0,0,0,0,0,0,0,0,0,2,0,3,0,0,0,0,0,0,0,0,0,0,0,0,0,0
Dino-Group-II-Clade-1,0,0,0,0,0,0,0,0,0,0,0,0,0,0,0,0,0,0,0,0,0,0,0,0,0,3,0,0,0,0,0,4,0,0,0,0,0,0,0,0,0,0,0,0,0,0,0,0,4,0,0,0,0,0,0,0,0,0,0,0,4,0,0,0,0,0,0,0,0,0,0,0,7,0,0,0,0,0,0,0,0,5,0,0,31
Dino-Group-II-Clade-10-and-11,0,0,0,4,0,0,0,0,0,0,0,0,0,0,0,0,0,0,0,0,0,0,0,0,0,2,0,0,0,0,0,0,0,0,0,0,0,0,0,0,0,0,0,0,0,0,0,0,0,0,0,0,0,0,0,0,0,0,0,0,0,0,0,0,0,0,0,0,0,0,0,0,0,0,0,0,0,0,0,3,0,0,0,0,0
Dino-Group-II-Clade-12,0,0,0,0,0,0,0,0,0,0,0,0,0,0,0,0,0,0,0,0,0,0,0,0,0,0,0,0,0,0,0,0,0,0,0,0,0,0,0,0,0,0,0,0,0,0,0,0,2,0,0,0,0,0,0,0,0,0,0,0,0,0,0,0,0,0,0,0,0,0,0,0,0,0,0,0,0,0,0,0,0,0,0,0,0
Dino-Group-II-Clade-14,0,0,0,0,0,0,0,0,0,0,0,0,0,0,0,0,0,0,0,0,0,0,0,0,4,0,0,0,0,0,0,0,0,2,0,0,0,0,0,0,0,0,0,0,0,0,0,0,11,0,0,0,0,0,0,0,0,0,0,0,11,0,0,0,0,0,0,0,0,0,0,0,8,0,0,0,0,0,0,3,0,0,0,0,7
Dino-Group-II-Clade-15,0,0,0,0,0,0,0,0,0,0,0,0,0,0,0,0,0,0,0,0,0,0,0,0,0,0,0,0,0,0,0,0,0,0,0,0,0,0,0,0,0,0,0,0,0,0,0,0,0,0,0,0,0,0,0,0,0,0,0,0,0,0,0,0,0,0,0,0,0,0,0,0,2,0,0,0,0,0,0,0,0,0,0,0,0
Dino-Group-II-Clade-2,0,0,0,0,0,0,0,0,0,0,0,0,0,0,0,0,0,0,0,0,0,3,0,0,0,0,0,0,0,0,0,0,0,0,0,0,0,0,0,0,0,0,0,0,0,0,0,0,0,0,0,0,0,0,0,0,0,0,0,0,0,0,0,0,0,0,0,0,0,0,0,0,0,0,0,0,0,0,0,0,0,0,0,0,0
Dino-Group-II-Clade-22,0,0,0,0,0,0,0,0,0,0,0,0,0,0,0,0,0,0,0,0,0,0,0,0,0,0,0,0,0,0,0,0,0,0,0,0,0,0,0,0,0,0,0,0,0,0,0,0,0,0,0,0,0,0,0,0,0,0,0,0,0,2,0,0,0,0,0,0,0,0,0,0,0,0,0,0,0,0,0,0,0,0,0,0,0
Dino-Group-II-Clade-3,0,0,0,0,0,0,5,0,0,0,0,0,0,0,0,0,0,0,0,0,0,4,0,0,0,6,4,0,0,0,0,0,0,0,0,0,0,0,0,0,0,0,0,0,0,0,0,0,0,0,0,0,0,0,0,0,0,0,0,0,0,0,0,0,0,0,0,0,0,2,0,0,0,0,0,0,0,0,0,0,0,0,0,0,0
Dino-Group-II-Clade-39,0,0,0,0,0,0,0,0,0,0,0,4,0,0,0,0,0,0,0,0,0,0,0,0,0,0,0,0,3,0,0,0,0,0,0,0,0,0,0,0,0,0,0,0,0,0,0,0,0,0,0,0,0,0,0,0,0,0,0,0,0,0,0,0,0,0,0,0,0,0,0,0,0,0,0,0,0,0,0,0,0,0,0,0,0
Dino-Group-II-Clade-5,0,0,0,0,0,0,0,0,0,0,0,0,0,0,0,0,0,0,0,0,0,0,0,0,0,0,0,0,0,0,0,0,0,0,0,0,0,0,0,0,0,0,0,0,0,0,0,0,0,0,0,2,0,0,0,0,0,0,0,0,2,0,0,0,0,0,0,0,0,0,0,0,0,0,0,0,0,0,0,0,0,0,0,0,0
Dino-Group-II-Clade-6,0,0,0,0,0,0,0,0,0,0,0,0,0,0,0,0,0,0,0,0,0,0,4,0,0,0,0,0,0,0,0,0,0,0,0,0,0,0,0,0,0,0,0,0,0,0,0,0,0,0,0,0,0,0,0,0,0,0,0,0,0,0,0,0,0,0,0,0,0,0,0,0,0,0,0,0,0,0,0,0,0,0,0,0,0
Dino-Group-II-Clade-8,0,0,0,0,0,0,0,0,0,0,0,0,0,0,0,0,0,0,0,0,0,0,0,0,0,0,0,0,0,0,0,0,0,0,0,0,0,0,0,0,0,0,0,0,0,0,0,0,0,0,0,0,0,0,0,0,0,0,0,0,0,8,0,0,0,0,0,0,0,0,0,0,0,0,0,0,0,0,0,0,0,0,0,0,0
Dino-Group-II_X,0,0,0,0,0,0,0,0,0,0,0,0,0,0,0,0,0,0,0,0,0,0,2,0,0,0,0,0,0,0,0,0,0,0,0,0,0,0,0,0,0,0,0,0,0,0,0,0,0,0,0,0,0,0,0,0,0,0,0,0,0,0,0,0,0,0,0,0,0,0,0,0,0,0,0,0,0,0,0,0,0,0,0,0,0
Dinophyceae_XX,33,35,20,8,24,8,13,29,11,19,22,4,18,40,25,4,42,11,0,28,5,51,53,8,85,35,76,0,12,10,15,8,12,19,8,0,3,12,0,8,27,9,5,0,0,12,0,13,0,0,0,6,0,0,4,13,4,0,11,0,0,5,6,0,8,2,22,25,34,82,106,0,0,0,6,9,33,0,0,27,30,35,20,17,46
Diploneidaceae,0,0,0,0,0,0,0,0,0,0,0,0,0,0,0,0,0,0,0,0,0,0,0,0,0,0,0,0,0,0,0,0,0,0,0,0,0,0,0,0,0,0,0,0,0,0,0,0,0,0,0,0,0,0,0,0,0,0,0,0,0,0,0,0,0,0,8,0,0,0,0,0,0,0,0,0,0,0,0,0,0,0,0,0,0
Diplonemidae,0,0,0,0,0,0,0,0,0,0,0,0,0,0,0,0,0,0,2,0,0,0,0,0,0,0,0,0,0,0,0,0,0,0,0,0,0,0,0,0,0,0,0,0,0,0,0,0,0,0,0,0,0,0,0,0,0,0,0,0,0,0,0,0,0,0,0,0,0,0,0,0,0,0,0,0,0,0,0,0,0,0,0,0,0
Diplopsalidaceae,21,75,31,19,0,20,0,12,5,16,4,0,0,14,5,0,5,0,0,4,8,18,0,0,16,116,31,24,8,9,0,8,0,0,28,0,0,34,10,0,0,0,0,0,0,4,0,0,0,0,0,0,0,0,0,0,13,0,0,11,0,0,0,0,0,0,0,0,230,8,10,0,0,9,0,0,0,0,0,6,7,0,0,38,0
Discotrichidae,0,0,0,0,0,0,0,0,0,0,0,0,0,0,0,0,0,0,0,0,0,0,0,0,0,0,0,0,0,0,0,0,0,0,0,0,0,0,0,0,0,0,0,0,0,0,0,0,0,0,0,0,0,0,0,0,0,0,0,0,0,0,0,0,0,0,0,0,0,0,0,0,0,0,0,0,0,0,0,0,0,2,0,0,0
Dolichomastigaceae,0,12,0,0,0,0,0,0,0,0,0,4,0,0,0,0,2,0,0,2,0,0,4,0,0,0,0,0,2,0,0,0,0,0,0,0,0,0,0,0,0,0,0,0,0,0,0,0,0,0,0,0,0,0,0,0,0,0,0,4,0,0,0,0,0,0,0,0,0,0,0,0,0,0,0,0,0,0,0,0,0,0,0,0,0
Dysteriidae,0,0,0,0,0,0,2,0,0,0,0,0,4,0,0,0,0,12,0,0,0,0,40,0,95,6,3,0,0,4,0,0,0,4,12,6,3,0,0,0,0,0,0,0,2,0,0,0,0,0,0,0,0,0,0,0,0,0,0,0,3,0,0,0,0,0,0,2,0,0,0,0,0,0,0,0,2,4,0,14,0,4,5,0,0
Ebriida_X,0,0,0,0,0,0,0,0,0,0,0,0,2,0,0,0,0,0,0,0,0,0,0,0,0,0,0,0,0,0,0,0,0,0,0,0,0,0,0,0,0,0,0,0,0,0,0,0,0,0,0,0,0,0,0,0,0,0,0,0,0,0,0,0,0,0,0,0,0,0,0,0,0,0,0,0,0,0,0,0,0,0,0,0,0
Ebriidae,14,90,23,74,19,13,0,13,7,0,29,25,0,0,0,10,0,0,0,0,0,0,19,0,10,0,0,15,0,8,9,0,0,0,20,3,8,13,0,23,0,0,8,0,0,10,6,0,8,0,0,8,19,9,11,0,16,18,45,6,0,0,0,0,43,0,26,19,14,22,15,0,49,18,12,22,36,13,20,27,57,51,35,10,0
Echinamoebidae,0,0,0,0,0,0,0,0,0,0,0,6,0,0,0,0,0,0,0,0,0,0,0,0,0,0,0,0,0,0,0,0,3,0,0,0,0,0,0,0,0,0,0,0,0,0,0,0,0,0,0,0,0,0,0,0,0,0,0,0,0,0,0,0,0,0,0,0,0,0,0,0,0,0,0,0,0,0,0,0,0,0,0,0,0
Echinodermata_XX,2,2,2,0,0,0,3,20,9,0,0,7,0,0,0,0,0,12,9,0,5,0,0,0,0,0,0,0,0,0,0,2,0,0,0,0,0,0,0,0,0,0,0,0,0,0,0,0,0,0,0,0,0,0,0,0,0,0,0,0,0,2,0,0,0,0,0,0,0,0,0,3,0,0,0,0,0,0,0,0,0,0,0,0,0
Eimeriidae,0,2,0,0,0,0,0,0,0,0,2,0,0,0,0,0,0,0,0,0,2,0,0,0,0,0,0,0,0,0,0,0,0,0,0,0,0,0,0,0,0,0,0,0,0,0,0,0,0,0,0,0,0,0,0,0,0,0,0,0,0,0,0,0,0,0,0,0,0,0,0,0,0,0,0,0,0,0,0,0,0,0,0,0,0
Embryophyceae_XX,8,10,15,27,24,7,11,9,17,121,6,73,13,17,33,23,96,12,7,0,3,33,0,66,20,19,52,24,12,0,0,6,0,9,0,22,2,9,0,7,14,4,0,0,0,24,0,16,18,12,37,16,18,22,16,0,18,91,95,125,78,144,200,81,115,48,30,21,34,17,13,104,24,22,36,66,11,18,5,22,28,20,34,51,85
Endomyxa-Phytomyxea_XX,0,0,0,0,0,0,0,0,0,0,0,0,0,0,0,0,0,0,0,0,0,0,0,0,0,0,0,0,0,0,0,0,0,0,0,0,0,0,0,0,0,0,0,0,0,5,0,0,0,0,0,0,0,0,0,0,0,0,0,0,0,0,0,0,0,0,0,4,0,2,0,0,0,0,0,0,0,0,0,0,2,0,0,0,0
Endomyxa_Novel-clade-9,29,45,15,19,28,42,15,33,12,50,40,32,24,128,49,64,9,27,46,53,16,16,70,38,112,141,12,15,23,10,8,21,17,5,54,4,25,8,0,10,6,16,29,9,0,8,4,8,0,0,0,0,0,0,0,4,7,3,0,3,4,0,5,8,4,7,6,5,11,4,0,38,0,25,15,2,18,19,0,24,46,30,32,50,3
Endomyxa_XX,50,9,4,22,7,0,0,8,0,0,9,0,5,0,0,0,0,0,0,0,0,0,0,0,0,0,0,0,0,0,2,0,0,0,0,0,7,0,0,0,0,0,0,0,0,0,0,0,0,0,0,0,0,0,0,0,0,0,0,0,0,0,0,0,0,0,0,0,0,0,0,0,0,5,0,0,0,0,0,0,0,0,0,0,0
Enoplea_X,0,0,4,0,0,2,0,5,6,0,3,11,0,0,0,0,0,2,0,0,0,5,0,5,8,7,49,8,6,4,8,8,7,5,54,7,0,0,2,0,0,0,0,0,2,0,12,6,4,0,0,0,0,0,6,0,11,0,12,0,0,0,0,0,0,0,6,9,21,0,0,0,14,4,6,2,5,9,0,13,55,8,3,12,0
Entomoneidaceae,1189,1198,934,1464,2134,2277,1510,1322,1775,1059,1129,1409,1020,347,665,740,2148,2266,1672,1375,1170,1184,1162,925,2300,1608,2326,7097,16045,13663,15213,12902,15483,10135,10562,6877,13008,11108,10447,6645,9182,12967,6321,5055,5983,5589,4572,4808,1396,2003,1864,2504,2752,1700,1268,1221,983,1531,1406,1302,851,1241,1196,1319,1988,948,560,588,490,399,287,835,1021,1585,893,1543,1757,2136,272,890,923,1039,1004,939,394
Epalxellidae,0,0,0,0,0,0,0,0,0,0,0,0,2,0,0,0,0,0,0,0,0,0,0,0,0,0,0,0,0,0,0,0,0,0,0,0,0,0,0,0,3,0,0,0,0,0,0,0,0,0,0,0,0,0,0,0,0,0,0,0,2,0,0,0,0,0,0,0,0,0,0,0,0,0,0,0,0,0,0,0,0,0,0,0,0
Ephelotidae,0,0,0,0,0,0,0,0,0,0,0,0,0,0,0,0,0,0,0,0,0,0,0,0,0,0,0,0,0,0,0,0,0,0,0,0,0,0,0,0,0,0,0,0,0,0,0,0,0,0,0,0,0,0,0,0,0,0,0,0,0,8,0,0,0,0,0,0,0,0,0,0,0,0,0,0,0,0,0,0,0,0,0,0,0
Esquamulidae,6,0,0,0,0,0,0,0,0,0,0,3,0,4,0,0,4,0,0,0,0,14,2,2,0,6,10,0,0,0,10,0,0,3,7,0,0,0,3,0,0,6,0,3,0,0,0,5,0,0,0,4,0,0,0,0,0,0,0,0,0,0,0,0,0,0,0,0,0,0,7,0,0,0,0,0,0,0,0,0,0,0,0,0,0
Euglyphida_X,8,20,0,7,0,7,10,5,0,0,0,6,0,11,8,0,5,0,0,10,0,5,11,0,0,0,0,0,3,0,4,0,4,0,13,0,0,9,0,0,0,0,0,10,0,6,0,6,7,0,0,0,0,0,11,9,3,4,0,0,0,0,0,0,0,3,0,0,2,0,0,0,0,0,0,0,0,0,0,0,0,0,0,0,10
Eugregarinorida_EUG1,0,0,0,0,0,0,0,0,0,0,0,0,0,0,0,0,0,0,0,0,0,0,0,0,0,0,0,0,0,0,0,0,0,0,0,0,0,0,0,0,0,0,0,0,0,0,0,0,0,0,0,0,0,0,0,0,4,4,0,0,0,0,2,0,0,0,0,0,0,4,0,0,0,0,0,0,0,0,0,0,0,0,0,0,0
Eugregarinorida_EUG2,0,0,0,0,0,0,0,0,0,0,0,0,0,0,0,0,0,0,0,0,0,0,0,0,0,0,0,0,0,0,0,0,0,0,0,0,0,0,0,0,0,0,0,0,0,0,0,0,0,0,0,0,0,0,0,0,0,0,0,0,0,0,0,0,11,0,0,0,0,0,0,0,0,0,0,0,0,0,0,0,0,0,0,0,0
Eupodiscaceae,0,0,0,0,0,0,0,0,0,0,0,0,0,0,0,0,0,0,0,0,0,0,0,0,0,0,0,0,0,0,0,0,0,0,0,0,0,0,0,0,0,0,0,0,0,0,0,0,0,0,0,0,0,0,0,0,0,0,2,0,0,0,0,0,0,0,0,0,0,0,0,0,0,0,0,0,0,0,0,0,0,0,0,0,0
Eustigmatophyceae_XX,64,106,47,109,78,111,41,75,49,30,36,57,30,61,42,36,39,45,32,71,23,19,36,31,77,58,39,49,33,23,9,46,21,55,50,42,33,44,11,25,0,12,8,16,24,14,9,20,5,17,15,2,0,7,0,11,6,7,14,16,20,9,14,0,14,21,4,12,12,6,7,19,18,42,22,12,9,16,0,16,31,16,12,14,9
Eutintinnidae,41,104,0,29,6,22,4,3,3,4,0,13,0,0,0,0,0,0,0,3,0,4,21,0,0,0,0,0,0,0,0,0,0,0,32,0,0,10,0,0,0,0,0,0,0,0,0,0,0,0,0,2,0,0,0,0,12,17,0,3,0,0,7,0,0,0,0,0,27,9,13,5,0,0,0,12,0,0,2,2,80,108,55,11,2
Filosa-Granofilosea_XX,0,0,0,0,0,0,0,0,0,0,6,0,4,10,2,0,3,2,2,0,0,0,50,0,25,108,8,5,0,5,0,0,0,0,16,5,0,0,0,0,0,0,0,0,0,0,0,0,0,0,0,0,0,0,0,0,0,0,0,0,0,0,0,0,0,0,0,0,0,0,0,0,0,0,0,0,0,0,0,0,0,0,0,0,0
Filosa-Imbricatea_XX,26,17,9,12,40,41,21,17,0,16,12,25,39,51,20,34,25,38,36,36,23,27,39,18,69,70,20,26,8,8,20,2,19,3,20,0,5,9,5,2,4,4,4,5,5,0,4,0,0,0,0,0,0,0,4,6,0,0,0,0,2,0,5,0,0,0,0,0,0,0,0,0,0,0,0,0,0,0,7,0,4,0,0,0,11
Filosa-Thecofilosea_XX,7,3,0,0,7,0,0,0,4,3,8,10,5,3,16,8,28,17,15,5,5,9,11,9,9,17,5,0,3,5,12,5,0,0,7,3,14,5,5,5,5,4,18,6,3,2,12,2,0,0,2,0,4,5,5,3,0,0,0,0,0,0,0,0,0,0,0,0,0,4,2,0,4,0,3,0,0,0,0,0,2,0,0,0,3
Flabellulidae,240,226,116,372,89,97,106,71,86,45,124,118,40,37,40,18,23,25,24,0,7,8,29,27,63,40,3,38,0,20,22,0,13,7,30,11,3,11,15,49,8,0,0,18,11,11,19,18,15,14,39,43,12,0,0,8,48,88,38,29,42,29,0,27,20,13,3,0,19,28,0,52,37,44,22,29,0,0,14,18,28,44,32,12,48
Florenciellales,0,0,0,0,0,0,0,0,0,0,0,0,0,0,0,0,0,0,0,0,0,0,0,0,0,0,0,0,0,0,0,0,0,0,0,0,0,0,0,0,0,0,0,0,0,0,0,0,0,0,0,0,0,0,0,0,0,0,0,0,0,2,0,0,0,0,0,0,0,0,0,0,0,0,0,0,0,0,0,0,0,0,0,0,0
Foettingeriidae,0,0,0,0,0,0,0,0,0,0,0,0,0,0,0,0,0,0,0,0,0,0,0,0,0,0,0,0,0,0,0,0,0,0,0,0,0,0,0,0,0,0,0,0,0,0,0,0,0,0,0,0,0,0,0,0,0,0,0,0,0,0,0,0,0,0,0,0,5,0,0,0,0,0,0,0,0,0,0,0,0,0,0,0,0
Fragilariaceae,0,0,0,0,0,0,0,0,0,0,3,0,0,0,0,0,0,0,0,0,0,0,0,0,0,4,0,0,0,0,0,0,0,0,0,0,0,0,0,0,0,0,0,0,0,0,0,0,0,0,0,0,0,0,0,0,0,0,0,0,0,0,0,0,0,0,0,0,0,0,0,0,0,0,0,0,0,0,0,0,0,0,0,0,0
Frontoniidae_1,0,0,0,0,0,0,0,0,0,0,0,0,0,0,0,0,0,0,0,0,0,0,0,0,0,0,0,0,0,0,0,0,0,0,0,0,0,0,0,0,0,0,0,0,0,0,0,0,0,0,0,0,0,0,0,0,0,0,0,0,0,0,0,0,0,0,0,0,0,0,22,0,0,0,0,0,0,0,0,0,0,0,0,0,0
Gastrotricha_XX,26,0,7,0,131,256,9,32,10,11,20,102,6,12,16,32,12,41,11,176,28,39,63,15,4,0,5,5,3,4,0,22,0,0,4,2,0,4,0,0,0,3,0,8,3,8,3,4,3,0,0,4,0,0,0,5,0,3,0,0,0,0,0,0,0,0,0,3,0,0,0,0,0,0,0,0,0,0,0,0,0,0,2,0,0
Glissomonadida_Clade-Y,0,0,0,0,0,0,2,0,0,0,0,0,0,0,0,0,0,0,0,0,0,0,0,0,0,0,0,0,0,0,0,0,0,0,0,0,0,0,0,0,0,0,0,0,0,0,0,0,0,0,0,0,0,0,0,0,0,0,0,0,0,0,0,0,0,0,0,0,0,0,0,0,0,0,0,0,0,0,0,0,0,0,0,0,0
Gomphonemataceae,0,0,0,2,0,0,0,0,0,0,0,0,0,0,0,0,0,0,0,0,0,0,0,0,0,0,0,0,0,0,0,0,0,0,0,0,0,0,0,0,0,0,0,0,0,0,0,0,0,0,0,0,0,0,0,0,0,0,0,0,0,0,0,0,0,0,0,0,0,0,0,0,0,0,0,0,0,0,0,0,0,0,0,0,0
Goniomonadales_X,0,0,0,0,2,0,0,4,0,0,0,0,0,21,7,0,0,7,6,0,0,7,3,3,4,19,4,0,0,0,0,0,0,0,8,4,6,0,0,0,0,0,0,0,0,0,0,0,0,0,0,3,0,0,0,0,0,0,6,0,0,2,0,0,0,0,0,4,0,0,0,0,0,2,0,0,0,0,0,2,0,0,0,3,0
Gonyaulacaceae,16,14,33,23,33,400,0,2,8,3,11,20,37,265,24,50,75,3872,26,27,4,23,84,9,19,117,195,42,10,276,9,6,13,3,107,18,13,18,38,68,17,281,14,4,13,11,4,37,0,0,0,0,0,2,18,7,0,12,18,17,8,10,6,5,29,8,41,41,11,82,362,13,7,472,48,64,9,8,13,26,19,41,633,65,0
Gregarinidae,5,0,0,0,0,0,0,0,0,0,0,7,0,5,3,0,0,0,0,0,0,0,0,0,0,0,0,0,0,0,0,0,0,0,0,2,2,0,0,0,0,0,0,0,0,0,0,0,0,0,0,0,0,0,0,0,0,0,0,0,0,5,0,2,0,0,0,0,0,0,0,0,0,0,8,2,0,0,0,0,2,0,2,0,3
Gregarinomorphea_X_GRE1_X,0,0,0,0,0,0,0,0,0,0,0,0,0,0,0,0,0,0,0,0,0,0,0,0,7,0,0,0,0,0,0,0,0,0,0,0,0,0,0,0,0,0,0,0,0,0,0,0,0,0,0,0,0,0,0,0,0,0,0,0,0,0,0,0,0,0,0,0,0,0,0,0,0,0,0,0,0,0,0,0,0,0,0,0,0
Gregarinomorphea_XX,0,0,0,0,0,0,0,0,0,0,0,0,0,0,0,0,2,0,0,0,0,0,0,0,0,0,0,0,0,0,0,0,0,0,0,0,0,0,0,0,0,0,0,0,0,0,0,0,0,0,0,0,0,0,0,0,0,0,0,0,0,0,0,0,0,0,0,0,0,0,0,0,0,0,0,0,0,0,0,0,0,0,0,0,0
Gymnodiniaceae,82,250,168,111,98,81,125,104,65,79,139,122,17,0,165,119,128,16,163,133,0,208,359,147,28,0,88,0,25,0,13,111,0,22,265,46,9,120,6,0,72,0,3,26,0,16,85,91,0,0,0,0,0,0,24,113,96,147,64,28,0,39,62,0,0,33,103,204,151,230,591,23,56,135,87,105,76,146,36,198,851,1353,1064,309,40
Gymnodiniales_X,0,0,0,0,0,0,0,7,0,0,0,0,0,0,0,0,0,0,0,11,0,0,0,0,0,0,0,0,0,0,0,52,0,0,0,0,0,0,0,0,0,0,0,4,0,0,0,0,0,0,0,0,0,0,0,0,0,0,0,0,0,0,0,0,0,0,0,0,0,0,0,0,0,0,0,0,0,0,0,0,0,0,0,0,0
Haliphthorales,4,0,0,11,0,0,0,0,0,0,6,4,0,3,6,4,0,0,3,6,0,0,13,2,30,19,17,9,0,4,5,0,0,5,10,11,11,9,0,12,0,0,9,6,13,15,13,0,0,0,3,5,6,0,0,0,27,10,22,13,6,28,0,0,6,0,2,0,15,9,0,0,0,9,0,2,0,3,0,0,18,15,12,4,0
Haptoglossales,0,0,0,0,0,0,0,0,0,0,0,0,0,0,0,0,0,0,0,0,0,0,0,0,0,6,0,0,0,0,0,0,0,0,0,0,0,0,0,0,0,0,0,0,0,0,0,0,0,0,0,0,0,0,0,0,0,0,0,0,0,0,0,0,0,0,0,0,0,0,0,0,0,0,0,0,0,0,0,0,0,0,0,0,0
Haptoria_2_X,0,5,0,3,3,0,0,0,0,2,3,0,0,11,18,0,5,0,4,7,2,4,15,0,15,10,0,0,0,0,0,2,0,3,11,0,0,0,0,0,0,4,0,2,0,0,0,0,0,0,2,0,0,0,0,0,0,0,0,0,0,0,0,0,0,0,0,0,0,0,0,2,0,4,0,0,0,0,0,0,0,0,0,0,0
Hartmannellidae,0,0,0,0,0,0,0,0,0,0,0,3,0,0,0,0,0,2,0,0,0,0,0,0,0,0,0,0,0,0,0,0,0,0,0,0,0,0,0,0,0,0,0,3,2,0,3,0,2,0,30,0,0,2,0,3,8,7,0,0,5,0,0,0,0,0,0,0,0,0,0,0,0,0,0,0,0,0,0,0,5,0,0,0,0
Hartmannulidae,0,0,0,0,2,4,0,0,0,0,0,4,8,13,0,10,4,2,4,3,0,0,7,0,27,6,4,13,0,0,0,0,0,0,8,0,4,0,0,0,0,0,0,0,0,0,2,0,39,30,20,21,18,30,20,19,85,208,83,58,68,286,31,116,27,15,14,16,41,54,14,43,0,12,3,16,0,0,0,0,24,54,2,12,8
he2-lineage,28,13,0,39,0,16,5,18,0,6,4,26,14,31,0,4,12,27,19,28,0,36,59,38,35,80,35,24,15,4,12,23,6,5,60,14,11,12,0,7,0,0,7,10,0,8,10,2,0,0,0,0,0,0,0,11,0,3,0,6,2,0,0,0,0,0,0,0,0,0,3,0,0,5,0,8,0,2,0,0,0,0,0,0,27
Heliopeltaceae,0,0,0,0,0,0,0,0,0,0,0,0,0,0,0,0,0,0,0,0,0,0,0,0,0,0,0,0,0,0,0,0,0,0,0,0,0,0,0,0,0,0,0,0,0,0,0,0,0,2,0,0,0,0,0,0,0,0,0,0,0,0,0,0,0,0,0,0,2,0,0,0,0,0,0,0,0,0,0,0,0,2,0,0,3
Hemiaulaceae,0,0,0,0,0,0,0,0,0,0,0,0,6,4,8,6,5,5,0,0,0,0,0,2,0,0,0,4,0,0,0,0,4,0,0,0,0,0,0,2,0,3,0,0,0,0,0,0,0,0,0,0,0,0,0,4,0,0,0,0,0,6,0,0,0,0,0,0,2,0,3,0,0,0,4,0,0,0,0,2,0,3,0,0,0
Hemidiscaceae,0,5,0,0,0,0,0,0,2,0,6,0,0,0,10,5,0,4,0,5,8,0,14,6,23,26,0,6,10,9,0,2,0,0,2,0,4,0,0,0,0,0,0,0,0,0,3,0,0,0,0,0,0,0,0,0,0,0,0,0,0,0,0,0,2,0,0,0,6,0,0,0,0,0,0,0,0,0,0,0,0,0,0,0,0
Hemiselmidaceae,4,7,0,5,0,5,0,0,6,0,0,0,17,40,39,18,6,17,18,11,5,26,31,4,9,44,19,17,11,5,4,16,13,12,12,0,8,7,0,0,0,3,0,5,0,0,5,3,0,3,0,3,4,3,0,0,0,0,0,6,0,0,0,0,2,0,0,0,2,0,0,0,2,7,4,0,0,8,0,0,5,0,0,3,0
Hemiselmidaceae:nucl,0,0,3,0,0,7,0,2,0,5,0,0,7,48,3,17,0,0,2,0,2,7,42,0,15,28,13,6,0,0,3,0,3,0,6,0,0,3,0,0,0,0,0,0,2,3,0,2,0,0,0,0,2,0,0,3,0,0,0,0,0,0,4,0,0,0,0,2,0,0,0,0,2,10,5,12,0,0,0,0,0,9,13,0,8
Heterobranchia,0,0,0,0,0,0,0,0,0,0,0,0,0,0,0,0,0,0,0,0,0,0,4,0,0,0,0,0,0,0,0,0,0,0,0,0,0,0,0,0,0,0,0,0,0,0,0,0,0,0,0,0,0,0,0,0,0,0,0,0,0,0,0,0,0,0,0,0,0,0,0,0,0,0,0,0,0,0,0,0,0,0,0,0,0
Heterocapsaceae,142,168,290,77,117,136,98,84,168,109,116,132,56,93,103,71,114,68,77,137,75,300,375,102,340,423,357,113,88,70,96,58,68,125,248,84,87,91,152,75,63,62,43,40,45,73,42,48,10,0,29,0,22,14,31,49,45,154,0,24,36,17,35,26,50,59,154,228,211,508,541,58,96,138,116,93,98,96,73,208,474,1132,485,341,148
Heteroconchia,6,32,5,0,21,0,40,15,0,10,5,12,0,0,0,0,7,0,25,16,7,3,0,0,0,0,0,0,7,5,41,4,0,10,0,2,0,2,0,0,0,0,14,0,0,5,2,0,0,0,0,0,0,6,0,0,6,11,13,34,14,15,12,9,11,22,15,33,23,28,236,50,13,19,13,8,19,13,12,19,72,32,21,346,0
Holostichidae,0,4,0,0,0,0,0,0,0,0,0,8,0,7,10,5,0,0,0,0,0,0,9,7,4,5,11,7,0,0,0,11,0,0,11,14,0,0,2,2,0,0,0,0,0,0,0,2,0,0,7,0,0,0,0,5,0,0,2,3,0,0,0,0,0,0,0,3,3,0,2,2,0,2,0,4,0,0,0,0,4,2,9,3,0
Hydrozoa,0,0,0,0,0,0,0,0,0,0,0,0,0,3,0,2,0,0,0,0,0,0,3,0,0,4,0,0,0,0,0,0,0,0,0,0,0,0,0,0,0,0,0,0,0,0,0,0,0,0,0,0,0,0,0,0,0,0,0,0,0,94,0,0,0,0,0,0,0,0,0,0,0,0,0,0,0,0,0,0,0,0,0,0,0
Hydrurales_X,47,72,40,73,53,82,44,42,74,91,64,85,40,19,26,39,75,49,46,52,66,87,65,72,74,71,123,102,195,113,139,115,229,289,274,249,287,259,162,138,216,188,164,227,196,329,284,216,42,60,51,69,131,102,76,83,24,33,13,59,19,38,44,27,69,47,33,41,31,15,10,26,26,57,30,53,54,69,20,47,28,23,46,35,12
Hyphochrytriaceae,0,0,0,0,0,2,0,0,0,0,0,0,0,0,0,0,0,0,0,0,0,6,0,0,0,0,0,0,0,0,0,0,0,0,0,0,0,0,0,0,0,0,0,0,0,0,0,0,0,0,0,0,0,0,0,0,0,0,0,0,0,0,0,0,0,0,0,0,0,0,0,0,0,0,0,0,0,0,0,0,0,0,0,0,0
Hypotrichia_X,0,0,0,0,0,0,0,0,0,0,0,0,0,0,0,0,0,0,0,0,0,0,8,0,21,0,0,0,0,0,0,0,0,0,0,0,0,0,0,0,0,0,0,0,0,0,0,0,0,0,0,0,0,0,0,0,0,0,0,0,0,0,0,0,0,0,8,0,0,0,3,0,0,4,0,0,0,0,0,0,0,0,0,0,0
Ichthyobodonidae,4,0,0,4,0,0,0,0,0,0,0,0,0,0,0,0,0,2,0,0,0,0,0,0,7,0,0,0,0,0,0,0,0,3,0,0,0,0,0,0,0,0,0,2,0,0,0,0,0,0,0,0,0,0,0,0,0,0,0,0,0,0,0,0,0,0,0,0,0,0,0,0,0,0,0,0,0,0,0,0,0,2,0,0,0
Ichthyophonida_XX,0,0,0,0,0,0,0,0,2,0,0,0,0,0,0,0,0,0,0,0,0,0,0,0,0,0,0,0,0,0,0,0,0,0,0,0,0,0,0,0,0,0,0,0,0,0,0,0,12,30,0,6,16,13,11,19,360,13,0,160,7,354,0,2,11,15,6,5,56,6,12,25,9,24,0,0,0,5,0,0,55,0,0,27,0
Ichthyosponidales,3,0,0,0,0,0,0,0,0,0,0,0,0,0,0,0,0,0,0,0,0,0,0,0,0,0,0,0,0,0,0,0,0,0,0,0,0,0,0,0,0,0,0,0,0,0,0,0,0,0,0,0,0,0,0,0,0,0,0,0,0,0,0,0,0,0,0,0,0,0,0,0,0,0,0,0,0,0,0,0,0,0,0,0,0
Imbricatea_XX,0,0,0,8,0,0,0,0,0,0,4,5,0,0,14,10,3,4,3,0,0,0,7,0,4,15,0,10,0,0,0,0,0,0,0,0,0,0,0,0,0,0,0,0,0,0,0,0,0,0,0,0,0,0,0,0,0,0,0,0,0,0,0,0,0,0,0,0,0,0,0,0,0,0,0,0,0,3,0,0,0,3,0,0,0
Insecta,10,21,85,19,26,1219,19,14,17,4,21,53,0,7,136,11,2,218,7,5,3,4,11,0,5,0,24,6,0,153,5,0,0,0,0,6,0,0,9,0,0,154,3,2,8,2,0,2,10,29,0,0,11,14,10,13,119,384,14,55,0,423,7,2,7,6,6,5,33,83,0,31,0,9,3,2,3,62,0,9,45,98,0,22,0
Isotrichidae_1,0,0,0,0,0,0,0,0,0,0,0,0,0,0,0,0,0,0,0,0,0,0,0,0,0,0,2,0,0,0,0,0,0,0,0,0,0,0,0,0,0,0,0,0,0,0,0,0,0,0,0,0,0,0,0,0,0,0,0,0,0,0,0,0,0,0,0,0,0,0,0,0,0,0,0,0,0,0,0,0,0,0,0,0,0
Isotrichidae_2,0,0,0,0,0,0,0,0,0,0,0,0,3,0,0,0,0,0,0,0,0,0,0,0,0,0,0,0,0,0,0,0,0,0,0,0,0,0,0,0,0,0,0,0,0,0,0,0,0,0,0,0,0,0,0,0,0,0,0,0,0,0,0,0,0,0,0,0,0,0,0,0,0,0,0,0,0,0,0,0,0,0,0,0,0
Kathablepharidida_X,0,0,2,0,0,0,0,0,0,4,0,0,3,0,0,0,0,7,0,2,0,0,0,0,0,0,0,0,3,0,0,0,2,0,0,0,4,5,0,0,0,0,0,0,0,0,0,0,0,0,0,0,0,4,0,3,0,0,0,0,0,0,0,0,0,0,2,0,0,0,0,0,0,0,0,0,0,0,0,2,3,6,0,0,0
Kinorhyncha_XX,0,0,0,3,0,0,0,0,2,0,0,0,0,0,0,0,0,0,0,4,0,0,0,0,0,0,0,0,0,0,0,0,0,0,0,0,0,0,0,0,0,0,0,0,0,0,0,0,0,0,0,0,0,0,0,0,0,2,0,0,0,0,0,0,0,0,0,0,0,0,0,0,0,0,0,0,0,0,0,0,0,0,0,0,0
Kryptoperidiniaceae,4,0,8,0,0,5,0,0,5,24,0,3,0,0,0,5,5,0,0,14,0,8,17,0,32,24,27,3,0,2,0,8,0,0,0,0,3,3,0,0,0,0,3,5,8,4,3,0,0,0,0,0,0,0,0,0,0,0,0,0,0,0,0,0,0,0,0,0,4,0,4,0,0,0,0,0,0,3,0,0,5,9,0,3,0
Labyrinthulaceae,69,31,45,66,36,25,14,32,50,5,45,44,71,130,143,93,41,40,49,40,13,45,174,41,94,140,71,45,0,14,45,29,25,19,133,43,29,50,38,29,11,8,11,17,13,7,19,12,0,10,12,19,0,10,15,25,73,55,10,37,20,2,12,3,15,11,19,38,65,53,0,43,47,27,23,24,17,24,0,27,93,124,141,133,49
Labyrinthulomycetes_LAB1/6/8,0,5,0,0,0,5,8,2,5,0,3,13,0,3,14,9,8,4,9,9,0,0,8,0,8,8,0,0,2,7,2,0,2,9,2,12,4,5,0,0,3,4,0,5,7,0,2,3,0,0,3,6,0,5,0,0,0,2,0,2,0,0,0,0,0,3,5,0,4,0,2,2,0,8,2,0,0,0,0,6,0,2,3,18,0
Labyrinthulomycetes_LAB11,0,9,0,8,0,0,0,4,2,8,4,0,5,9,9,0,3,2,10,0,0,21,5,0,9,12,13,0,6,0,0,0,0,0,4,2,0,0,5,2,0,0,0,0,0,4,0,4,7,2,12,0,6,0,0,3,0,10,8,5,11,0,18,14,15,0,0,0,2,0,0,5,0,37,9,11,11,11,0,2,13,8,2,0,6
Labyrinthulomycetes_LAB2,0,0,0,0,0,0,0,0,0,0,0,0,0,0,0,0,2,2,0,0,0,0,5,0,0,0,0,0,0,0,0,0,0,0,0,0,2,0,0,3,2,0,0,0,0,0,0,0,0,0,0,0,0,0,0,2,2,0,0,0,0,0,0,0,0,0,2,2,0,3,0,2,0,4,2,0,0,0,0,0,0,2,0,0,0
Labyrinthulomycetes_LAB4,0,0,0,0,0,0,0,0,0,0,0,7,0,0,0,0,0,0,0,0,0,0,0,0,0,0,0,0,0,0,0,0,0,0,0,0,0,5,0,0,0,0,0,0,0,0,0,0,0,0,0,0,0,0,3,2,0,0,3,0,0,0,0,0,0,0,0,0,3,3,0,0,0,3,0,0,0,0,0,0,3,0,4,2,0
Labyrinthulomycetes_LAB5,0,0,0,0,0,0,0,0,0,0,0,0,0,0,0,0,0,0,0,2,0,0,0,0,3,0,0,0,0,0,0,0,0,0,0,0,0,0,0,0,0,0,0,0,0,0,0,0,0,0,0,0,0,0,0,0,0,0,0,0,0,0,0,0,0,0,0,0,0,0,0,0,0,0,0,0,0,0,0,0,0,0,0,0,0
Labyrinthulomycetes_LAB7,0,0,0,0,0,0,0,0,0,0,0,0,0,0,0,0,0,0,0,0,0,0,0,0,0,0,0,0,0,0,0,0,0,0,0,0,0,0,0,0,0,0,0,0,0,0,0,0,0,0,0,0,0,0,0,0,0,0,0,0,0,3,0,0,0,0,0,0,0,0,0,0,0,0,0,0,0,0,0,0,0,0,0,0,0
Labyrinthulomycetes_LAB9,0,0,0,0,0,0,0,0,0,0,0,0,0,0,0,0,0,0,0,0,0,0,0,0,0,0,0,0,0,0,0,0,0,0,0,0,0,0,0,0,0,0,0,0,0,0,0,0,0,0,0,0,0,0,0,0,0,0,0,0,0,0,0,0,0,0,0,0,0,0,0,0,0,0,0,0,0,0,0,0,0,0,0,3,0
Labyrinthulomycetes_X,0,0,0,0,0,0,0,0,0,0,0,0,0,0,0,0,0,0,0,4,0,0,0,0,0,0,0,0,0,0,0,0,0,0,0,0,0,0,0,0,0,0,0,0,0,0,0,0,0,0,0,0,0,0,0,0,0,0,0,0,0,0,0,0,0,0,0,0,0,2,0,0,0,0,0,0,0,0,0,0,0,0,0,0,0
Lacrymariidae,3,0,2,0,0,4,0,0,0,4,9,4,5,34,35,20,10,10,6,9,3,12,91,4,26,48,37,46,3,9,21,9,10,13,104,4,4,0,2,6,0,0,0,0,0,11,6,4,19,16,10,13,14,7,8,4,36,8,20,25,20,101,20,23,18,14,12,13,55,4,14,23,20,100,38,59,36,26,4,43,140,64,108,87,2
Lecudinidae,1984,1647,2599,712,5482,1997,2111,11916,9567,4942,2416,4959,274,114,112,93,957,373,442,2146,1282,1130,182,680,1419,1120,596,177,961,253,307,1947,1611,1079,1054,627,509,368,682,112,1172,417,555,2862,2037,1737,678,1064,137,0,394,67,15,7,59,190,83,32,23,13,260,12,61,161,37,22,182,390,191,53,727,7,516,40,80,171,49,53,111,1199,230,92,121,48,4199
Lepidochromonadaceae,0,0,0,0,0,0,0,5,0,0,0,0,0,0,0,0,0,0,0,0,0,0,0,0,6,7,0,0,0,0,0,0,0,0,0,0,0,0,0,0,0,0,0,2,0,0,0,0,0,0,0,0,0,0,4,0,0,0,0,0,0,0,0,0,0,0,0,0,0,0,0,3,0,0,0,0,0,0,0,0,0,0,0,0,0
Leptocylindraceae,0,0,0,0,0,0,0,0,0,0,0,0,6,0,0,0,0,0,0,2,0,0,0,0,3,0,0,0,0,0,0,0,0,0,0,0,0,0,0,0,0,0,0,0,0,0,0,0,0,0,0,0,0,0,0,0,0,0,0,0,0,7,0,0,0,0,0,0,0,0,0,0,0,0,0,0,0,0,0,0,0,3,0,2,4
Licmophoraceae,0,0,0,0,0,0,0,0,0,0,0,0,0,0,0,0,0,0,0,0,0,0,0,0,0,0,0,0,0,0,0,0,0,0,0,0,0,0,0,0,0,0,0,0,2,0,0,0,0,0,0,0,0,0,0,0,0,0,0,0,0,0,0,0,0,0,0,0,0,0,0,0,0,0,0,0,0,0,0,0,0,0,0,0,0
Limnofilidae,0,9,0,0,0,0,0,0,0,0,0,0,0,0,0,0,0,0,0,0,0,10,0,0,0,0,0,0,0,0,0,0,0,0,0,0,0,0,0,0,0,0,0,0,0,0,0,0,0,2,0,0,0,0,0,0,0,0,0,0,0,0,0,0,0,0,0,0,0,0,28,0,0,0,0,0,0,0,0,0,17,0,0,11,0
Lingulodiniaceae,15,10,17,21,0,7,13,12,525,5,11,4,0,0,0,0,0,0,0,0,0,0,0,0,0,0,0,0,0,0,0,0,35,0,0,0,0,0,0,0,0,0,0,0,42,0,0,0,0,0,0,2,0,0,0,0,0,0,0,0,0,0,0,0,0,0,0,0,0,0,0,0,0,0,0,0,0,2,0,0,0,0,0,0,0
Liosphaeroidea_X,0,0,0,0,0,0,0,0,0,0,0,0,0,0,0,0,0,0,0,0,0,0,0,0,0,4,0,0,0,0,0,0,0,0,0,0,0,0,0,0,0,0,0,0,0,0,0,0,0,0,0,0,0,0,0,0,0,0,0,0,0,9,0,2,0,0,0,0,0,0,0,0,0,8,0,0,0,0,0,0,0,0,0,0,0
Lithodesmiaceae,0,0,0,0,0,0,0,0,0,0,0,0,0,0,0,0,0,0,0,0,0,0,0,4,0,0,7,0,0,0,0,0,0,0,0,0,0,0,0,0,0,0,0,0,0,0,5,0,0,0,0,0,0,0,0,0,0,0,0,0,0,0,0,0,0,0,0,0,0,11,0,0,0,0,0,0,0,0,0,0,0,0,0,0,0
Litostomatea_XX,10,6,18,9,9,12,14,11,11,0,8,10,0,20,0,2,8,6,14,0,7,0,13,3,0,8,9,10,0,0,0,0,6,0,21,0,0,7,0,0,0,9,6,0,0,0,0,6,5,0,3,0,0,5,20,7,7,12,6,0,3,3,4,0,6,9,29,3,18,16,104,5,4,0,0,0,0,0,5,8,17,28,10,6,0
Lynchellidae_1,23,55,0,23,5,9,21,10,12,24,5,2,210,603,87,160,22,37,66,40,33,26,67,15,28,66,14,62,73,71,362,130,204,230,75,12,25,27,0,24,9,8,59,19,35,48,15,7,0,0,0,8,0,0,0,0,0,0,0,0,0,0,0,13,2,0,0,0,0,0,0,0,0,12,0,11,0,5,0,0,0,0,7,0,0
Lynnellidae,32,0,0,0,0,0,0,0,0,0,0,0,7,0,0,0,0,0,0,0,0,0,0,0,0,0,0,0,0,0,0,0,0,0,0,0,7,0,0,0,0,0,0,0,0,0,0,0,0,0,0,0,0,0,0,0,0,14,0,0,0,0,0,0,0,0,0,0,0,0,0,0,0,0,0,0,0,0,0,0,0,0,0,0,0
Macrostomorpha,0,0,0,0,0,0,20,0,0,0,0,0,0,0,0,0,0,0,29,0,0,0,0,0,0,0,0,0,0,0,29,0,0,0,0,0,7,14,9,0,4,13,68,13,15,15,21,6,0,0,0,0,0,0,0,0,2,0,0,0,0,0,0,0,0,0,0,0,0,0,0,0,0,0,0,0,0,0,0,0,0,0,0,0,0
Malacostraca,0,0,0,0,0,0,0,0,0,0,0,0,0,0,0,0,0,0,0,0,0,0,0,0,0,0,0,0,0,0,0,0,0,0,0,0,0,0,0,0,0,0,0,0,0,0,0,0,0,0,0,0,0,0,0,0,35,0,0,0,3,3,0,0,11,0,0,0,161,0,0,0,0,0,0,0,5,0,0,0,0,6,0,0,0
Mamiellaceae,10,9,9,20,4,0,2,0,10,6,0,6,0,11,7,5,8,7,6,0,7,24,15,8,10,12,26,9,10,0,6,5,2,4,18,5,6,3,0,0,4,0,0,0,0,5,0,6,3,0,8,0,0,0,0,3,4,0,0,0,9,9,0,6,6,0,0,2,0,4,0,9,0,15,3,16,0,10,2,4,6,6,10,3,11
Mammalia,8,28,7,58,15,0,0,0,0,6,0,0,0,7,10,0,43,0,0,0,0,0,0,0,0,9,0,0,0,0,0,0,0,4,0,0,0,0,0,0,0,0,0,0,0,0,0,0,0,0,0,0,0,0,0,0,0,0,234,0,0,52,3,0,4,2,0,0,0,0,0,0,0,34,12,35,0,0,0,0,0,3,0,0,0
Margolisiellidae,0,0,0,0,0,0,0,0,0,0,0,0,0,0,0,0,0,0,0,0,0,0,0,0,0,0,0,0,0,0,0,0,0,0,0,0,0,0,0,0,0,0,0,0,0,0,0,0,0,0,0,0,0,0,0,0,0,0,0,0,0,0,0,0,0,0,0,0,0,0,0,2,0,0,0,0,0,0,0,0,0,0,0,0,0
Mariager-Fjord-lineage,1455,573,232,767,98,100,80,40,53,127,110,311,73,29,0,65,88,46,10,30,12,48,45,35,90,88,14,16,21,7,16,0,0,0,31,29,75,18,4,16,7,10,5,0,0,0,2,0,0,0,0,7,0,0,0,2,0,3,0,8,0,0,0,0,0,0,0,0,0,0,3,0,0,0,0,0,0,2,0,8,11,8,0,12,14
Marimonadida_X,49,90,24,37,57,67,9,47,28,39,65,22,55,105,82,55,81,54,32,55,22,92,93,55,160,142,81,63,47,18,37,49,16,32,84,28,41,22,15,3,44,11,32,12,22,48,50,34,34,18,11,17,26,35,43,20,53,18,0,12,0,9,0,0,7,8,13,13,12,3,6,0,16,0,0,0,3,3,0,21,12,0,4,3,30
Marsupiomonadaceae,0,0,0,0,0,0,0,0,0,0,0,0,2,0,0,0,0,0,0,0,3,0,0,0,0,3,0,0,0,0,0,0,0,0,0,0,0,0,0,0,0,0,0,0,0,0,0,0,3,0,0,0,0,0,0,0,0,0,0,0,0,0,0,0,2,2,0,0,0,0,0,10,3,0,0,0,2,4,2,0,2,0,0,0,0
Massiteriidae,14,21,8,19,17,10,0,2,12,9,5,21,37,43,38,34,33,30,18,18,13,29,54,30,58,74,41,30,0,12,17,13,22,17,27,16,9,9,15,20,21,15,17,24,5,37,30,13,15,0,11,10,25,17,15,25,17,35,14,0,0,17,5,8,0,0,0,6,0,0,0,0,4,0,2,0,4,6,0,0,4,6,0,7,13
MAST-1,52,98,32,30,28,48,41,62,55,32,29,51,16,13,15,17,22,27,22,21,8,26,39,0,30,33,25,22,14,12,10,12,17,12,26,10,9,23,15,12,10,0,21,5,13,15,17,9,25,0,11,8,0,19,15,10,0,17,7,0,16,8,10,0,28,21,26,17,23,24,18,11,26,0,0,11,14,13,5,41,20,32,0,12,12
MAST-10,0,0,0,0,0,0,0,0,0,0,0,0,0,0,0,0,0,0,0,0,0,0,0,0,0,0,0,0,0,0,0,0,0,0,0,0,0,0,0,0,0,0,0,0,0,0,0,0,0,0,0,0,0,0,0,0,0,0,0,0,0,3,0,0,0,0,0,0,0,0,0,0,0,0,0,0,0,0,0,0,0,0,0,0,0
MAST-12,31,54,41,17,33,7,13,37,25,18,28,39,16,35,13,14,10,5,23,33,3,32,44,16,39,75,16,6,14,9,19,20,6,19,60,38,21,41,19,12,30,25,26,35,33,51,43,66,14,20,12,34,26,37,17,21,10,21,10,11,21,24,11,8,26,15,11,27,17,10,32,8,14,41,7,21,34,29,7,46,36,34,38,12,25
MAST-2,0,0,0,0,0,0,0,0,0,0,0,0,0,0,0,0,0,0,0,0,0,0,0,0,0,0,0,0,0,0,0,0,0,0,0,0,0,0,0,0,0,0,0,0,0,0,0,0,5,0,0,0,0,0,0,0,0,0,0,0,0,0,0,0,0,0,0,0,0,0,0,0,15,0,0,0,0,0,0,0,0,0,0,0,9
MAST-22,0,0,4,0,0,0,0,0,0,0,0,0,0,0,0,0,0,0,0,0,0,0,4,0,0,3,0,0,0,0,0,0,0,0,0,0,0,0,0,0,0,0,0,0,0,0,0,0,0,0,0,0,0,0,2,0,0,0,0,0,0,0,0,0,0,0,3,0,0,6,0,0,0,0,0,0,0,0,0,0,0,0,0,0,0
MAST-24,0,0,0,0,0,0,0,0,0,0,0,0,0,0,0,0,0,0,0,0,0,0,0,0,0,0,0,0,0,0,0,0,0,0,0,0,0,0,0,0,0,0,0,0,0,0,0,0,0,0,0,0,0,0,0,0,0,0,0,0,0,0,0,0,0,0,0,2,0,0,0,0,0,0,0,0,0,0,0,0,0,0,0,0,0
MAST-3,0,0,0,0,0,0,0,0,0,0,0,0,0,0,0,0,0,0,0,3,0,0,0,0,0,0,0,0,0,0,0,0,2,0,0,0,0,0,0,0,0,0,0,0,0,0,0,0,16,0,0,0,0,3,0,0,0,0,0,4,16,0,0,0,0,2,4,0,4,0,0,0,13,0,0,7,0,2,0,0,0,0,0,0,30
MAST-6,35,42,40,14,12,24,28,27,12,4,42,39,7,12,7,19,21,22,16,18,10,30,20,5,18,28,32,24,7,16,12,11,5,12,19,18,16,45,18,5,21,0,15,0,10,10,10,10,4,4,5,0,4,3,5,20,0,18,7,21,3,4,0,0,11,9,0,10,18,20,10,6,20,26,5,20,4,19,7,24,18,18,21,9,7
MAST-7,0,0,0,0,0,0,0,0,0,0,0,0,0,0,0,0,0,0,0,0,0,0,0,0,0,0,0,0,0,0,0,0,0,0,0,0,0,0,0,0,0,0,0,0,0,0,0,0,0,0,0,0,0,0,0,0,0,0,0,0,0,0,0,0,0,0,0,0,0,0,0,0,0,0,0,0,0,0,0,0,0,0,0,0,2
MAST-9,0,2,0,0,0,0,0,0,0,0,3,0,0,5,0,0,0,0,0,0,0,0,0,0,0,0,0,0,0,0,0,4,0,0,0,0,0,0,0,0,0,0,0,0,0,4,0,0,0,0,0,0,0,0,0,0,0,0,0,0,0,2,0,0,0,0,0,0,0,0,0,0,0,0,0,3,0,0,0,0,0,0,0,0,0
Mataza-lineage,25,42,28,33,24,20,23,18,38,24,44,25,21,31,9,5,19,33,26,32,0,57,31,15,36,40,26,23,19,8,8,22,0,12,46,12,14,22,4,6,17,14,0,0,6,5,26,4,13,14,0,0,0,0,10,29,0,3,2,7,5,13,0,20,9,6,0,49,21,26,32,17,27,29,6,40,14,0,0,87,20,10,25,20,48
Maxillopoda,661,110,689,189,253,18,522,45,79,18,70,775,284,1468,772,1315,243,208,6784,178,238,134,756,834,1140,521,536,2720,846,176,1294,397,276,301,246,4611,5792,998,15923,970,375,467,1190,431,353,343,305,5510,1908,9933,1148,6771,6055,1018,2818,764,2892,7140,2954,5424,10779,1430,1643,13490,5842,2934,2336,2839,1453,2166,3711,790,4167,6334,10618,7643,17406,6734,644,3292,4862,1837,1961,1855,8810
Melosiraceae,0,0,2,0,0,0,0,0,0,0,0,0,0,0,0,0,0,0,0,0,0,0,0,0,0,0,0,0,0,0,0,0,0,0,2,0,0,0,0,0,0,0,0,0,0,0,0,0,0,0,0,0,0,0,0,0,0,0,0,2,0,0,0,0,0,0,0,0,0,0,0,0,2,0,0,0,0,0,0,0,2,0,0,4,0
Metazoa_XXX,0,0,0,0,0,3,0,0,0,0,0,0,0,0,0,0,0,0,0,0,0,9,0,0,0,0,0,0,0,0,0,0,0,0,0,0,0,0,0,0,0,0,0,0,0,0,0,0,0,0,0,0,0,0,0,0,0,0,0,3,0,0,0,0,0,0,0,0,0,0,0,0,0,0,0,0,0,0,0,0,0,0,0,0,0
Metopidae,0,0,0,0,0,0,0,0,0,0,0,0,0,0,0,0,0,0,0,0,0,0,0,0,3,0,0,0,0,0,0,0,0,0,0,0,0,0,0,0,0,0,0,0,0,0,0,0,0,0,0,0,0,0,0,0,0,0,0,0,0,0,0,0,0,0,0,0,0,0,0,0,0,0,0,0,0,0,0,0,0,0,0,0,0
Metopiidae,0,0,0,0,0,0,2,0,0,0,2,0,0,9,6,0,0,0,0,0,0,0,5,0,0,6,0,0,0,0,0,0,0,0,0,0,0,0,0,0,0,0,0,0,0,0,0,0,0,0,0,0,0,0,0,0,0,0,0,0,0,0,0,0,0,0,0,0,0,0,0,0,0,0,0,0,0,0,0,0,0,0,0,0,0
Metromonadea_XX,13,21,5,0,11,0,0,9,2,4,8,0,41,69,62,55,14,26,26,31,0,0,43,17,14,41,10,25,4,9,10,0,4,0,0,15,7,7,0,15,0,5,0,6,0,0,12,7,6,6,0,0,6,0,0,0,0,10,10,4,0,0,0,0,0,0,0,0,4,0,0,0,0,0,0,0,0,0,0,0,0,0,0,0,0
Microhelida_X,0,0,0,0,0,0,0,0,0,0,0,3,0,0,0,0,0,0,0,0,0,0,0,0,0,0,0,0,0,0,0,0,0,0,0,0,0,0,0,0,0,0,0,0,0,0,0,0,0,0,0,0,0,0,0,0,0,0,0,0,0,0,0,0,0,0,0,0,0,0,0,0,0,0,0,0,0,0,0,0,0,0,0,0,0
MOCH-3_XX,2,8,10,6,0,7,4,9,3,0,0,8,0,0,6,2,0,2,0,0,0,5,5,0,0,10,8,4,0,0,0,0,0,4,16,0,3,6,3,2,0,5,0,0,0,0,4,0,5,0,0,0,0,2,0,0,0,3,0,0,0,0,0,0,6,0,6,7,5,0,0,0,7,7,4,0,4,0,0,9,13,13,11,5,0
MOCH-5_XX,0,0,0,0,0,0,0,0,0,0,0,0,0,3,0,0,0,0,0,0,0,0,0,0,0,0,0,0,0,0,0,0,0,0,0,0,0,0,0,0,0,0,0,0,0,0,0,0,0,0,0,0,0,0,0,0,0,0,0,0,0,0,0,0,2,0,0,0,0,0,0,0,0,0,0,0,0,0,0,0,0,0,0,0,0
Monosigidae_Group_A,4,0,0,0,3,0,0,0,0,0,0,0,0,0,3,0,4,0,0,0,0,3,0,0,4,0,0,0,0,0,0,0,0,0,0,0,0,0,0,0,0,0,0,0,0,0,0,0,0,0,0,0,0,0,0,0,0,0,0,0,0,0,0,0,0,0,0,0,0,0,0,0,0,0,0,0,0,0,0,0,0,0,0,0,0
Monosigidae_Group_B,0,0,0,0,0,0,0,0,0,0,0,0,0,0,0,0,0,0,0,0,0,0,0,0,0,0,0,0,0,0,0,0,0,0,0,0,0,0,0,0,0,0,0,0,0,0,0,0,0,0,0,0,0,0,0,0,2,0,0,0,0,0,0,0,0,0,0,3,0,0,0,0,0,0,0,0,0,0,0,0,0,0,0,0,0
Monosigidae_Group_M,0,0,0,0,0,5,4,0,0,7,0,9,4,0,0,0,0,4,0,12,2,0,2,3,0,2,0,0,2,0,0,0,0,0,0,0,0,0,0,0,0,0,0,0,0,0,0,3,0,0,0,0,0,0,0,0,0,2,0,0,0,0,0,0,0,0,0,0,3,0,0,0,0,4,0,0,0,3,0,0,4,2,4,4,0
Mytiloida,0,0,0,0,0,0,0,0,0,0,0,0,0,0,0,0,0,0,0,0,0,0,0,0,0,0,11,0,0,0,0,0,0,0,0,0,0,0,0,0,0,0,0,0,0,0,0,0,0,0,0,0,0,0,0,0,0,0,0,0,0,0,0,0,0,0,0,0,0,0,0,0,0,0,0,0,0,0,0,0,0,0,0,0,0
NAMAKO-1-lineage_XX,0,0,0,0,0,0,0,12,3,0,2,0,0,0,0,0,0,0,0,0,0,4,0,0,0,0,0,3,0,0,0,0,0,0,0,0,0,2,0,0,0,0,0,0,0,0,0,0,0,0,0,0,0,0,0,0,0,0,0,0,0,0,0,0,0,0,0,0,0,3,0,2,7,10,0,0,3,0,4,3,0,0,0,0,0
Nanofilidae,76,40,12,61,31,23,11,7,14,3,17,16,82,57,24,42,65,19,9,9,23,84,69,19,26,22,47,32,27,17,10,0,7,14,43,6,17,7,0,16,14,6,0,0,4,9,6,0,8,4,3,15,0,0,0,0,5,7,0,6,0,2,10,8,2,2,0,0,6,8,0,11,26,48,24,40,10,22,0,15,44,34,49,26,2
Naviculaceae,16459,19003,19753,19808,15877,16159,11368,11939,10903,7688,13464,15849,11147,16781,20094,13375,17883,14581,13510,12488,8356,10571,9698,10196,12113,10461,12119,18487,15021,11270,12919,12376,12064,10280,8229,10226,20699,21162,15469,25298,23274,19365,29310,24034,23933,22239,21878,19038,22994,16877,41258,28989,30108,27618,20312,28654,28965,27991,19043,31802,19631,32484,11365,20883,20662,12118,8451,10341,8414,6203,4411,47365,21326,23549,20592,25074,14230,14521,4053,14149,11310,10662,5754,12758,8692
NC12A-lineage,65,109,64,69,44,48,38,30,54,37,58,82,21,25,50,37,31,35,24,46,7,60,40,45,56,79,74,24,11,16,8,8,32,24,85,43,14,28,20,25,8,4,13,6,14,7,15,39,2,0,6,3,31,50,3,21,0,10,2,0,11,3,12,5,50,73,8,41,11,43,22,0,46,10,21,50,69,137,8,120,54,72,36,26,34
NC12B-lineage,0,2,0,0,3,0,0,4,0,3,3,8,3,0,0,4,0,10,5,5,3,0,0,0,0,4,0,2,0,2,0,0,0,2,0,9,0,0,0,4,0,4,0,0,0,0,0,6,0,0,0,0,3,0,0,0,4,7,0,0,0,5,0,0,0,11,32,8,0,5,31,5,0,0,0,3,0,7,8,0,14,0,0,0,0
Nebulidae,0,0,0,0,0,0,0,0,0,0,0,0,0,0,0,0,0,0,0,0,0,0,2,0,0,0,0,0,0,0,0,0,0,0,0,0,0,0,0,0,0,0,0,0,0,0,0,0,0,0,0,0,0,0,0,0,0,0,0,0,0,0,0,0,0,0,0,0,0,0,0,0,0,0,0,0,0,3,0,0,0,0,0,0,0
Nemertea_XX,3,0,0,0,0,0,0,0,0,0,0,0,6,0,0,0,0,0,0,0,2,0,0,0,3,0,0,0,0,0,2,0,0,0,0,0,5,0,0,0,0,0,0,3,0,0,0,0,0,0,0,0,0,0,63,0,0,0,0,0,0,0,0,0,0,0,84,0,0,0,0,0,14,4,11,9,17,17,111,13,17,6,10,9,0
Neovahlkampfiidae,0,0,0,0,0,0,0,0,0,0,0,0,0,0,0,0,0,0,0,0,0,0,0,0,0,0,0,0,0,0,0,0,0,0,0,0,0,0,0,0,0,0,0,0,0,0,0,0,0,0,0,0,0,0,0,0,0,0,2,0,0,16,0,0,0,0,0,0,0,0,0,0,0,0,0,0,0,0,0,0,0,2,0,0,0
Nephroselmidaceae_X,0,0,0,0,0,0,0,0,0,0,0,0,0,0,0,0,0,0,0,0,0,0,0,0,3,0,0,0,0,0,0,0,0,0,0,0,0,0,0,0,0,0,0,0,0,0,0,0,0,0,0,0,0,0,0,0,0,0,0,0,0,0,0,0,0,0,0,0,0,0,0,0,0,0,0,0,0,0,0,0,0,0,0,0,0
Nephroselmidales_X,0,6,9,9,0,12,4,7,5,5,6,0,13,30,29,25,13,25,10,19,12,20,24,11,15,39,9,20,3,0,0,0,0,0,18,0,0,0,0,0,8,7,0,0,0,0,0,0,3,0,0,0,0,0,3,2,0,0,0,8,0,0,6,9,0,7,0,4,0,0,0,26,12,38,7,38,21,13,0,9,22,20,27,24,18
Nibbleridae,9,4,4,0,6,3,4,4,2,2,0,19,12,50,17,11,15,13,0,6,0,4,26,8,9,15,0,11,6,3,0,0,2,9,10,0,2,5,0,0,0,3,0,0,0,2,0,0,0,0,0,0,0,0,0,2,7,0,3,6,3,6,0,2,5,0,0,4,9,0,5,3,0,22,0,13,5,2,0,14,8,7,4,3,0
Noctilucaceae,0,0,0,0,0,0,0,0,0,0,0,0,2,0,19,6,0,0,0,0,0,0,0,0,0,0,5,0,0,0,0,0,0,0,0,0,0,0,0,0,0,0,0,0,0,0,0,0,0,0,5,0,0,0,0,0,0,0,0,0,0,0,0,0,0,0,0,0,0,0,0,0,0,0,0,0,0,0,0,0,0,0,0,0,0
Nolandellidae,6,10,6,20,0,8,10,3,0,5,9,5,0,0,0,15,0,11,2,0,0,19,0,2,21,32,26,0,4,2,5,0,7,0,0,9,0,0,0,0,2,0,0,5,4,0,0,4,0,0,0,0,7,0,14,7,55,152,6,6,20,0,0,9,11,0,0,0,5,0,2,11,0,9,0,0,0,0,0,5,2,7,0,0,14
Novel-clade-10_X,0,0,0,0,0,0,0,4,0,0,0,0,0,0,0,0,0,0,0,0,0,0,0,0,0,0,0,0,0,0,0,0,0,0,0,0,0,0,0,0,0,0,0,0,0,0,0,0,0,0,0,0,0,0,0,0,0,0,0,0,0,0,0,0,0,0,0,0,0,0,0,0,0,0,0,0,0,0,0,0,0,0,0,0,0
Novel-clade-2,14,48,16,13,10,6,10,11,4,13,18,15,5,20,29,16,29,2,28,19,10,20,37,23,60,113,75,18,26,6,0,18,10,7,72,9,8,42,0,7,19,0,4,15,3,2,12,23,13,0,14,6,10,12,21,27,5,4,0,0,0,5,0,0,0,0,0,0,4,0,29,0,2,0,0,0,6,0,3,47,0,0,4,3,25
Novel-clade-3,16,13,11,0,3,7,0,8,15,0,16,15,4,6,6,0,0,8,13,22,2,10,19,7,16,25,0,15,4,0,0,0,3,0,46,7,9,2,4,3,5,6,2,5,3,8,14,0,5,3,12,29,5,13,30,11,0,12,0,0,0,4,0,0,0,0,5,5,0,2,10,0,6,0,0,0,0,0,0,0,2,0,0,0,0
Novel-Clade-4,0,40,4,24,14,8,16,19,23,0,29,42,3,15,4,10,7,8,24,17,8,62,32,19,33,87,32,41,32,21,27,38,22,39,56,30,14,42,7,12,38,14,13,16,16,21,25,0,15,12,0,10,10,0,12,24,3,11,3,5,16,10,0,0,16,0,0,16,0,8,6,0,5,0,0,23,0,8,0,24,3,18,16,0,9
Novel-Gran-1,14,0,10,7,19,28,11,19,5,15,13,22,14,46,20,31,25,14,24,26,5,0,31,21,36,39,16,34,20,19,4,14,0,11,33,10,8,0,0,0,9,3,8,0,4,6,4,6,0,2,5,5,4,4,7,5,9,0,0,5,0,6,2,13,2,5,15,10,23,0,5,4,0,8,8,2,0,12,0,23,17,4,0,13,0
Novel-Gran-2,24,36,4,77,6,9,5,6,4,0,30,18,7,0,4,0,0,0,0,0,0,0,5,0,0,0,0,0,0,0,0,0,0,0,0,0,12,0,0,10,0,0,0,0,0,0,0,0,0,0,0,0,0,0,0,0,0,0,0,0,0,0,0,0,0,0,0,0,0,0,0,6,0,0,0,0,0,0,0,0,0,0,0,2,0
Novel-Gran-234,27,58,3,47,52,27,25,17,26,11,15,34,34,112,65,69,55,42,36,36,12,30,92,26,77,96,30,64,42,27,35,22,13,15,27,34,31,8,21,6,13,13,18,18,0,7,17,10,22,18,9,15,30,13,18,20,38,38,40,50,52,48,14,32,65,10,27,28,36,42,6,36,22,35,15,41,46,36,7,52,88,92,33,50,21
Oblongichytridiaceae,212,182,200,358,274,262,338,257,319,299,469,347,113,122,359,211,155,171,301,176,183,254,186,174,134,153,359,301,171,143,276,198,262,311,279,196,323,283,251,329,274,295,644,607,578,935,863,459,317,209,946,779,592,599,624,683,203,282,247,237,162,156,284,200,344,242,230,249,129,117,61,129,205,178,286,319,250,330,113,413,164,189,140,211,144
Ochromonadaceae,0,7,9,0,7,4,0,6,9,0,12,5,4,0,0,0,6,14,9,6,4,6,0,0,0,0,0,0,4,0,0,3,0,0,0,0,0,0,0,0,0,0,0,3,0,0,4,3,0,0,0,0,0,0,0,0,0,0,0,0,4,0,0,0,0,0,0,0,0,0,0,0,0,0,0,0,0,0,0,0,0,0,0,0,0
Ochromonadales_clade-V,0,0,0,0,0,0,0,0,0,0,0,0,0,0,0,0,0,0,5,0,0,0,0,0,0,0,0,0,0,0,0,0,0,0,0,0,0,0,0,0,0,0,0,0,0,0,0,0,0,0,0,0,0,0,0,0,0,0,0,0,0,0,0,0,0,0,0,0,0,0,0,0,0,0,0,0,0,0,0,0,0,0,0,0,0
Ochromonadales_clade-XI,0,2,0,0,0,0,0,0,0,0,0,0,0,0,0,0,0,0,0,0,0,0,0,0,0,0,0,0,0,0,0,0,0,0,0,0,0,0,0,0,0,0,0,0,0,0,0,0,0,0,0,0,0,0,0,0,0,0,0,0,0,0,0,0,0,0,0,0,0,0,0,0,0,0,0,0,0,0,0,0,0,0,0,0,0
Ochromonadales_X,0,45,7,10,0,8,0,9,0,0,0,12,0,0,0,0,0,0,0,0,0,0,6,0,0,0,0,0,0,0,0,0,0,4,0,0,0,10,0,2,0,0,0,0,0,0,0,0,0,0,0,0,0,0,0,0,0,0,0,0,0,0,0,5,0,0,0,0,0,0,0,0,0,6,0,0,0,0,0,4,0,0,0,0,0
Odontellaceae,22,12,31,13,11,10,10,5,8,11,21,15,12,13,24,13,0,9,17,0,0,69,59,15,16,20,24,12,8,7,0,11,10,19,34,8,6,15,18,9,0,0,12,12,0,18,11,9,0,0,0,0,0,9,8,12,39,43,24,29,15,6,0,0,22,14,22,34,78,96,133,32,30,29,23,28,14,41,4,42,138,125,125,94,52
OLIGO5_X,0,0,0,0,0,0,0,0,0,0,0,2,0,0,0,0,0,0,0,0,0,0,0,0,0,0,0,0,0,0,0,0,0,0,0,0,0,0,0,0,0,0,0,0,0,0,0,0,0,0,0,0,0,0,0,0,0,0,0,0,0,0,0,0,0,0,0,0,0,0,0,0,0,0,0,0,0,0,0,0,0,0,0,0,0
OLIGO6_X,0,0,0,0,0,3,0,0,0,0,0,0,0,0,0,0,0,0,0,0,0,0,0,0,0,0,0,0,0,0,0,0,0,0,0,0,0,0,0,0,0,0,0,0,0,0,0,0,0,0,0,0,0,0,0,0,0,0,0,0,0,0,0,0,0,0,0,0,0,0,0,0,0,0,0,0,0,0,0,0,0,0,0,0,0
OLIGO9,0,0,0,0,0,0,0,2,0,0,0,0,0,0,0,0,0,0,0,0,0,0,0,0,0,0,0,0,0,0,0,0,0,0,0,0,0,0,0,0,0,0,0,0,0,0,0,0,0,0,0,0,0,0,0,0,0,0,0,0,0,0,0,0,0,0,0,0,0,0,0,0,0,0,0,0,0,0,0,0,0,0,0,0,0
Oligohymenophorea_XX,0,0,0,0,0,0,0,0,0,0,0,0,0,0,0,0,0,0,0,0,0,0,0,0,9,2,0,0,0,0,0,0,0,0,0,0,0,0,0,0,0,0,0,0,0,0,0,0,0,0,0,0,0,0,2,0,0,0,0,0,0,0,0,0,0,0,0,0,2,0,0,0,0,0,0,0,0,0,0,0,0,0,0,0,2
Oligotrichida_X,65,404,174,83,59,69,56,102,74,35,46,150,35,63,57,30,21,64,40,43,24,58,78,53,171,235,152,28,0,27,28,21,15,0,101,44,0,27,61,33,36,43,26,22,40,38,13,27,23,0,31,0,0,0,0,36,0,31,0,19,40,0,59,44,19,37,77,119,63,0,228,46,29,45,40,71,15,26,33,60,45,62,32,18,24
Olpidophydiales,0,0,0,0,0,0,0,0,0,0,0,0,0,0,0,0,0,0,0,0,0,0,0,0,0,0,0,0,0,0,0,0,0,0,0,0,0,0,0,0,0,0,0,0,0,0,0,0,0,0,0,0,2,2,5,0,0,0,0,0,0,0,0,0,0,2,0,0,0,0,0,0,0,0,0,0,0,0,0,0,0,2,0,0,0
Ophryoscolecidae_2,0,8,0,0,0,0,0,0,0,0,12,0,5,0,0,0,0,0,0,0,0,0,0,0,0,14,0,0,0,6,0,0,0,0,0,3,0,0,0,0,0,0,0,0,0,0,0,2,0,0,0,0,0,0,0,0,0,0,10,2,0,55,0,0,0,0,0,0,0,0,0,0,0,0,0,0,0,0,0,0,0,0,0,0,0
Opisthokonta_XXXX,0,0,0,0,0,0,0,0,0,0,0,0,0,0,0,0,0,0,0,0,0,0,0,0,0,0,0,0,0,0,0,0,0,0,0,0,0,0,0,0,0,0,0,0,0,0,0,0,0,0,0,0,0,0,0,0,0,0,0,0,0,0,0,0,0,0,0,0,0,0,0,0,0,0,0,3,0,0,0,0,0,0,0,0,0
Orthodonellidae,0,0,0,0,0,0,0,0,0,0,0,0,0,0,0,0,0,0,0,0,0,2,0,0,0,0,0,0,0,0,0,4,0,0,0,0,0,0,0,0,0,0,0,0,0,0,0,0,0,0,0,0,0,0,0,0,0,0,0,0,0,2,0,0,0,0,0,2,0,0,0,0,0,0,0,0,0,0,0,0,0,0,0,0,0
Ostracoda,0,0,3,0,0,10,0,0,0,5,0,2,0,0,0,0,0,2,0,0,0,9,0,2,0,0,0,0,0,0,0,0,0,0,0,0,0,0,0,0,0,0,2,0,0,0,0,0,0,0,0,0,0,0,0,0,0,2,0,0,0,0,0,0,0,0,7,0,5,0,10,0,0,0,0,0,0,0,0,8,0,0,0,0,16
Ostreoida,0,0,5,0,0,0,0,0,7,0,0,7,0,0,0,0,0,0,0,0,0,0,0,0,5,0,0,0,0,0,0,0,5,0,0,3,0,0,0,2,0,0,0,0,0,0,0,0,0,0,0,0,0,0,0,0,0,0,0,0,2,0,0,0,6,0,4,0,0,0,0,16,4,0,0,0,0,0,0,7,0,0,0,5,7
Ovulinatidae,51,0,37,0,71,70,58,70,28,48,124,49,25,4,69,75,93,36,31,138,33,31,113,43,55,18,77,62,41,19,61,65,49,34,149,52,31,0,21,14,40,0,34,100,33,35,47,44,57,16,37,97,0,104,46,256,8,0,27,7,8,0,0,0,0,0,0,26,0,0,10,0,0,0,0,0,0,0,0,0,0,0,0,0,29
Oxytrichidae,6,16,0,4,0,4,0,7,3,3,11,0,0,17,10,10,0,0,0,0,0,0,36,3,0,12,0,0,0,0,0,0,8,4,10,0,0,0,0,0,0,0,0,0,0,0,8,0,0,0,0,0,0,0,0,0,0,0,0,0,0,3,0,0,0,0,0,0,9,0,0,0,0,0,0,0,8,0,0,0,14,0,0,0,0
Parabirojimidae,0,0,0,0,16,0,0,0,0,0,0,0,4,6,2,0,139,8,0,0,0,3,0,7,0,0,0,0,14,0,0,0,0,0,0,0,0,0,0,0,12,0,0,0,0,0,0,0,0,0,0,0,0,0,0,0,0,0,0,0,0,0,0,0,0,0,0,0,0,0,0,0,0,0,7,6,5,0,0,0,0,0,0,0,0
Paracercomonadidae,0,0,0,0,0,0,0,0,0,0,0,0,0,0,0,0,0,0,0,0,0,0,0,0,0,0,0,0,0,0,0,0,2,0,0,2,0,0,0,0,0,0,0,0,0,0,0,0,0,0,0,0,0,0,0,0,0,0,0,0,0,0,0,0,0,0,0,0,0,0,0,0,0,0,0,0,2,0,0,0,0,0,0,0,0
Paradinida_X,0,0,0,2,0,0,0,0,0,0,0,0,0,0,0,0,0,0,0,0,0,0,0,0,0,0,0,0,0,0,0,0,0,0,0,0,0,0,0,0,0,0,0,0,0,0,0,0,0,0,0,0,0,0,0,0,0,0,0,0,0,0,0,0,0,0,0,0,0,0,0,0,0,0,0,0,0,0,0,0,0,0,0,0,0
Paralecudinids,0,17,0,0,0,0,0,0,0,0,0,0,0,0,0,0,0,2,0,0,0,0,0,0,0,0,0,0,0,6,0,0,0,0,0,0,0,0,0,0,0,0,0,0,0,0,0,0,0,0,0,0,0,0,0,0,0,0,0,0,0,4,0,0,0,0,0,0,0,2,0,0,0,0,0,0,0,0,0,8,0,2,0,0,0
Paraliaceae,0,0,0,0,0,3,0,0,0,0,0,0,0,0,6,0,0,5,0,0,0,11,6,0,0,0,0,0,3,0,0,0,0,0,0,0,0,0,5,8,5,6,6,0,0,9,0,0,0,0,6,5,6,0,6,0,0,10,0,0,0,3,0,0,6,0,5,0,9,9,14,0,8,4,3,0,5,21,0,10,7,12,0,10,3
Parameciidae,0,0,0,0,0,0,0,0,0,0,0,0,0,0,0,0,0,0,0,0,0,0,0,2,0,0,0,0,0,0,0,0,0,0,0,0,0,0,0,0,0,0,0,0,0,0,0,0,0,0,0,0,0,0,0,0,0,0,0,0,0,0,0,0,0,0,0,0,0,0,0,0,0,0,0,0,0,0,0,0,0,0,0,0,0
Paramoebidae,19,7,0,0,0,0,0,0,0,2,0,0,2,24,13,19,0,0,0,0,0,6,17,3,30,54,9,5,0,0,0,0,0,0,7,0,0,0,0,0,0,0,0,0,0,0,0,0,0,0,0,0,0,0,0,0,0,0,0,0,0,0,0,0,0,0,0,0,0,2,4,0,0,5,3,13,0,0,0,0,0,0,4,0,0
Paraphysomonadaceae,22,24,6,14,2,15,21,11,17,21,25,20,0,38,5,10,7,0,0,6,17,13,18,0,8,73,14,13,10,0,24,0,19,25,30,7,10,16,18,9,8,22,49,20,18,37,43,20,53,25,6,16,12,18,12,11,34,94,10,30,51,22,14,16,24,16,0,13,0,23,0,58,206,170,40,103,58,57,16,63,90,85,38,55,14
Pararosariidae,0,0,0,0,0,0,0,0,0,0,2,0,0,0,0,0,0,0,0,0,0,0,0,0,0,0,0,0,0,0,0,0,0,0,0,0,0,0,3,0,0,0,0,0,0,0,0,0,0,0,0,0,0,0,0,0,0,0,0,0,0,0,0,0,0,0,0,0,0,0,0,0,0,0,0,0,0,0,0,0,0,0,0,0,0
Parmales_env_2,12,26,17,11,24,16,7,30,0,6,5,38,22,11,15,0,21,8,12,9,0,7,0,10,18,10,5,8,8,5,4,6,7,0,4,0,9,20,21,7,6,17,11,14,4,12,13,12,7,9,10,0,0,0,7,11,5,13,0,5,0,0,0,4,4,0,0,0,0,4,4,0,8,7,2,13,0,0,0,10,0,5,8,0,9
Parmales_env_3,0,0,0,0,0,0,0,0,0,0,0,0,0,0,0,0,0,0,0,0,0,0,0,0,0,0,0,0,0,0,0,0,0,0,0,0,0,0,0,0,0,0,0,0,0,0,0,0,0,0,0,0,0,0,2,0,0,0,0,0,0,0,0,0,0,0,0,0,0,0,0,0,3,0,0,0,0,0,0,0,0,0,0,0,0
Parvamoebidae,23,3,0,3,4,0,2,0,7,24,3,17,21,167,101,86,27,37,31,14,10,144,102,29,73,146,57,43,0,0,0,2,0,4,31,8,0,4,4,0,6,33,0,0,0,20,0,61,12,11,23,47,14,0,18,16,61,289,333,108,16,291,7,10,25,2,0,0,0,2,3,7,0,4,0,0,0,0,0,0,0,0,0,0,44
Parviluciferaceae,0,0,0,0,3,0,0,0,0,0,0,0,0,0,0,0,0,0,0,0,2,0,0,0,0,0,3,0,0,0,0,0,0,0,2,0,0,0,0,0,0,0,3,0,0,0,0,0,0,0,0,0,0,3,0,0,0,0,0,0,0,5,0,0,0,0,0,0,0,0,2,0,0,0,0,0,0,0,0,0,0,0,0,0,0
Paulinellidae,157,263,220,318,439,510,292,215,234,61,486,294,77,70,91,93,448,283,333,462,105,168,141,176,250,228,140,148,136,167,197,196,87,85,408,326,74,79,59,73,135,130,222,187,130,92,221,140,95,74,79,118,202,174,164,198,48,52,363,63,0,75,30,0,74,0,0,5,23,2,44,0,33,28,0,33,35,21,22,58,6,0,13,0,230
Pavlovaceae,0,0,0,0,0,2,5,0,0,0,0,0,0,8,0,3,2,0,0,0,0,0,0,0,3,0,6,0,8,7,4,6,6,10,0,0,4,0,0,0,0,0,5,0,0,0,0,3,0,0,2,0,0,0,0,0,0,0,0,0,0,0,0,0,0,0,0,0,0,0,0,0,0,0,0,0,0,0,0,0,0,0,0,0,0
Pectinoida,0,131,12,12,0,7,12,7,13,8,14,0,0,0,0,0,0,0,0,0,0,0,0,0,0,0,3,0,0,0,0,0,0,0,0,0,0,9,0,0,0,0,0,0,0,0,0,0,0,0,0,0,2,0,0,0,0,4,0,0,0,0,0,0,0,0,0,0,0,0,0,0,0,0,0,0,0,0,0,0,0,0,0,0,0
Pedinellales,70,192,61,136,54,51,52,47,67,50,42,88,19,15,43,25,47,26,40,38,15,56,48,57,57,107,76,41,10,20,32,23,31,34,78,76,26,72,13,26,31,26,29,47,15,34,35,46,15,6,27,10,22,4,12,28,5,37,25,12,19,53,35,28,38,26,37,42,33,33,18,32,14,31,40,21,38,56,0,117,24,49,35,37,62
Pelagomonadales_clade_A,0,0,0,4,0,0,0,3,2,0,0,0,0,0,0,0,5,0,6,4,0,7,0,0,0,6,0,0,0,0,0,0,0,0,0,0,0,0,0,0,0,0,0,0,0,0,0,0,0,0,0,0,0,0,0,0,0,0,0,0,0,0,0,3,0,0,0,0,0,0,0,0,0,0,0,0,0,0,0,0,0,6,0,0,0
Peregriniidae,4,7,0,5,0,0,7,0,0,0,11,5,0,0,0,0,0,0,2,0,0,0,0,0,12,3,0,0,4,2,5,6,0,5,8,0,3,3,0,0,0,0,0,0,0,6,5,3,0,0,0,0,0,0,0,0,0,0,0,0,0,0,0,0,0,0,5,0,2,3,0,0,6,2,0,0,0,0,0,0,0,0,0,0,2
Perkinsida_XX,0,0,0,0,0,0,0,0,0,0,0,0,3,0,0,0,0,0,0,0,0,0,0,0,0,0,0,0,2,0,0,0,0,0,0,0,0,0,0,0,0,0,0,0,0,0,0,0,0,0,0,0,0,0,0,0,0,0,0,0,0,0,0,0,0,0,0,0,0,0,0,0,0,0,0,0,0,0,0,0,0,0,0,0,0
Peronosporales,0,0,0,0,0,0,2,0,0,3,0,0,0,8,0,0,0,2,0,0,0,0,0,2,0,0,0,0,0,0,0,0,0,0,0,0,0,0,0,0,2,0,0,5,0,2,0,0,0,0,5,0,0,0,3,0,0,0,0,0,0,0,5,0,4,0,0,0,0,0,0,0,0,0,0,0,0,0,0,2,0,0,0,0,0
Peronosporomycetes_XX,6,5,4,5,3,6,13,22,32,37,14,49,17,43,30,44,13,17,19,34,24,44,43,34,21,33,42,47,19,19,55,57,28,106,87,54,52,40,22,37,27,39,73,84,58,102,75,64,61,57,47,112,81,105,116,128,43,65,20,47,7,18,12,23,27,47,36,37,10,0,6,0,14,39,11,26,19,35,18,68,16,3,14,0,4
Phaeophyceae_XX,0,0,0,0,0,0,0,0,0,0,0,0,0,0,0,0,0,0,0,0,0,0,0,0,0,0,0,0,0,0,0,0,0,0,0,0,0,0,0,0,0,0,0,0,0,0,0,0,0,0,0,2,0,0,7,0,0,0,0,0,0,0,0,2,0,0,0,0,3,0,0,0,0,0,0,0,0,0,0,0,0,0,0,0,0
Phagomyxida_X,0,0,0,0,0,0,0,0,0,0,0,0,2,0,4,0,0,0,0,0,0,7,5,0,7,0,0,0,0,0,0,0,0,3,0,4,0,0,0,0,0,0,0,2,0,3,0,0,0,0,0,0,0,0,0,0,0,0,0,0,0,0,0,0,0,0,0,0,0,0,0,0,0,0,0,3,0,0,0,0,0,6,0,0,0
Phagomyxidae,0,7,0,0,0,0,0,0,0,0,0,2,4,0,3,0,0,0,0,0,0,3,0,0,16,21,9,0,0,0,0,0,0,0,0,0,0,0,0,0,0,0,0,2,0,0,0,0,0,0,0,0,0,0,0,2,0,0,0,0,0,0,0,3,0,0,0,0,0,0,3,0,0,0,0,2,0,0,0,3,0,0,0,0,0
Philasterida,0,6,2,5,9,42,4,3,0,13,3,8,12,51,24,20,14,9,13,17,3,7,14,10,3,18,0,3,16,9,17,9,2,14,8,30,0,0,6,8,2,9,26,9,7,4,4,13,0,0,0,3,0,2,2,0,0,0,4,0,0,0,5,0,4,0,3,0,3,0,0,0,0,2,0,0,0,0,5,3,3,3,3,0,0
PHYLL_3,0,0,0,0,0,0,0,0,0,0,3,0,0,0,0,4,0,0,0,0,0,0,80,0,5,0,0,10,0,0,0,0,3,0,61,2,0,0,0,0,0,6,9,0,0,2,0,2,0,0,2,0,0,0,0,0,5,9,7,5,0,0,0,0,0,2,3,0,11,10,17,0,8,20,13,22,7,6,4,0,22,85,190,19,0
PHYLL_4,0,0,0,0,0,0,0,0,0,0,0,0,0,0,0,0,0,0,0,0,0,2,0,0,0,0,0,0,0,0,0,0,0,0,0,0,0,0,0,0,0,0,0,0,0,0,0,0,0,0,0,0,0,0,0,0,0,0,0,0,0,0,0,0,0,0,0,0,0,0,0,0,0,0,0,0,0,0,0,0,0,0,0,0,0
Pinnulariaceae,0,0,0,0,0,0,0,0,0,0,0,0,0,6,0,0,0,0,0,0,0,0,0,0,0,0,0,0,0,0,0,0,0,0,0,0,0,0,0,0,0,6,0,0,0,0,0,0,0,0,0,0,0,0,8,0,0,0,0,0,0,0,0,0,0,0,6,0,0,0,0,0,0,0,0,0,0,3,0,0,0,0,0,0,0
Pirsoniales_XX,54,80,61,47,65,74,46,64,69,80,75,75,23,19,78,6,9,76,52,66,25,35,64,34,55,70,65,35,32,46,66,45,34,34,114,47,31,31,13,18,21,10,16,33,39,23,46,39,27,3,29,20,20,24,30,28,73,26,5,62,15,5,6,17,6,19,26,46,137,47,54,34,36,43,39,61,33,74,20,107,173,130,73,110,13
Placidiales,0,4,0,0,0,0,0,0,0,0,0,0,0,0,0,0,0,0,0,0,0,0,0,0,0,4,0,0,0,0,0,0,0,0,0,0,0,4,0,0,0,0,0,0,0,0,0,0,0,0,0,0,0,0,0,0,0,0,0,0,0,0,0,0,0,0,0,0,0,0,0,0,0,0,0,0,0,0,0,0,0,0,0,0,0
Plagiocampidae,0,0,0,0,0,0,0,0,0,4,0,0,0,0,0,0,0,0,0,0,0,0,0,0,0,29,0,0,4,0,0,0,0,0,0,2,0,0,0,0,0,0,0,0,0,0,0,0,0,4,0,0,0,0,0,0,0,0,0,0,0,0,0,0,0,0,0,0,0,0,0,0,4,31,0,11,0,5,0,0,0,0,17,0,0
Plagiopylida,23,0,0,0,0,0,0,0,0,0,0,0,14,0,0,2,4,0,0,0,0,0,0,4,196,28,27,35,0,0,6,12,8,4,16,8,16,0,0,0,0,0,0,0,0,0,0,0,0,0,0,0,0,0,0,0,0,0,0,0,9,0,0,0,0,0,0,0,0,0,0,0,0,0,0,0,0,0,0,0,0,0,0,0,0
Plasmodiophorida_X,0,0,0,0,3,0,0,2,0,0,0,0,0,0,0,0,0,0,2,0,0,4,0,0,0,0,0,0,0,0,0,0,0,0,0,0,0,4,0,0,0,0,0,0,0,0,0,0,0,0,0,0,0,0,0,0,0,0,0,0,0,0,0,0,0,0,0,0,0,0,2,0,0,0,0,0,0,0,0,0,0,0,0,0,0
Pleurosigmataceae,766,726,481,500,304,488,376,443,191,196,222,427,2248,3968,2772,2201,1176,1713,1519,1328,625,656,1172,979,480,1209,552,1037,791,671,824,745,377,303,343,538,1045,917,654,708,482,746,784,841,416,354,584,680,387,220,624,623,967,893,3621,3378,3896,1496,550,163,1002,672,501,757,2400,2160,14731,19749,29787,6569,9604,881,280,316,217,292,384,676,1214,4213,4427,1348,438,163,932
Pleurostomatida,0,6,0,0,9,3,0,0,6,3,11,4,10,29,10,0,18,19,6,7,10,5,15,12,5,8,6,0,11,6,0,6,3,9,0,13,0,0,0,4,4,9,3,4,0,0,0,0,0,0,0,2,0,0,3,0,0,0,0,8,7,0,0,5,2,0,4,2,0,0,10,28,0,0,0,0,0,0,0,0,0,0,0,8,0
Polycladida,0,0,0,0,0,0,0,0,0,0,0,0,2,0,0,0,0,0,0,0,0,3,0,0,0,0,0,0,0,0,0,0,0,0,0,0,0,0,0,0,0,0,0,0,0,0,0,0,0,0,0,0,0,0,0,0,0,0,0,0,0,0,2,0,0,0,0,0,0,0,0,0,0,0,0,0,0,0,0,0,0,0,0,0,0
Polyplicariidae,0,0,0,0,2,2,0,0,3,15,4,8,9,0,10,0,5,0,4,17,6,12,5,2,0,21,26,0,0,0,9,6,2,5,39,0,0,5,0,0,0,4,8,10,0,0,2,0,4,0,58,6,0,0,0,0,0,0,0,0,0,0,7,0,0,0,0,6,0,4,5,0,0,0,10,0,0,0,0,50,0,0,4,0,26
Prasino-Clade-9_XX,0,0,0,0,0,0,0,0,0,0,0,0,0,0,0,0,0,4,0,0,0,0,0,0,0,0,0,0,0,0,0,3,0,0,0,0,0,0,0,0,0,0,0,0,0,0,0,0,0,0,0,0,0,0,0,0,0,0,0,0,0,0,0,0,0,0,0,0,0,0,0,0,0,0,0,0,0,0,0,0,0,0,0,0,0
Prasinodermaceae,0,0,0,0,0,0,0,0,0,0,0,0,0,0,0,0,0,0,0,0,0,2,2,0,0,0,0,0,0,0,0,4,0,0,0,0,0,0,0,0,0,0,0,0,0,0,0,2,0,0,0,0,0,0,0,0,0,0,0,0,0,0,0,0,0,0,0,0,0,0,0,0,0,0,0,0,0,0,0,0,0,0,0,0,0
Prorocentraceae,8,6,2,11,6,5,10,0,0,9,9,8,6,18,9,19,15,7,10,6,0,3,19,6,0,12,3,0,0,8,7,0,3,0,6,0,5,0,2,4,0,0,0,0,3,0,0,0,0,0,0,0,0,0,0,0,0,3,0,0,0,0,0,0,0,0,0,0,0,0,0,0,0,0,0,0,0,0,0,0,0,0,0,0,0
Prostomatea_XX,0,23,0,0,0,0,0,0,0,5,3,3,6,0,4,0,0,13,0,0,0,0,7,0,13,37,17,9,0,6,0,0,0,9,21,0,0,7,0,0,0,2,0,0,0,0,0,0,11,0,0,0,4,6,0,4,3,24,28,3,6,0,0,0,10,0,0,0,0,0,24,0,50,3,7,13,6,12,5,9,21,22,0,0,0
Protaspa-lineage,439,576,336,801,686,589,514,610,381,312,924,809,236,346,340,347,635,379,555,539,172,495,650,496,678,755,483,427,435,337,393,405,268,461,1201,790,366,494,256,284,474,668,539,651,316,553,721,1040,507,196,419,550,418,554,629,674,280,430,335,199,271,475,454,279,814,543,393,468,384,382,189,111,409,297,214,424,438,793,204,1007,816,1578,719,403,748
Protoperidiniaceae,0,3,0,21,18,0,0,0,0,0,0,0,0,4,7,0,90,0,0,13,0,6,65,6,0,0,0,0,14,0,0,5,0,0,0,0,0,0,0,0,9,0,0,0,0,0,4,0,0,0,0,0,0,0,0,0,5,0,0,0,0,0,0,0,0,0,0,0,4,6,59,0,0,9,3,3,0,5,0,0,38,72,34,0,0
Prymnesiaceae,0,0,0,0,0,0,0,0,0,0,0,0,0,0,0,0,0,0,0,0,0,0,0,0,0,0,0,0,0,0,0,0,0,0,0,3,0,0,0,0,0,0,0,0,0,0,0,0,0,0,0,0,0,0,0,0,0,0,0,0,0,0,0,0,0,0,0,0,0,0,0,0,0,0,0,4,0,0,0,0,0,0,0,0,0
Pseudocohnilembidae,0,0,0,0,0,0,0,0,0,0,0,2,0,0,0,0,0,0,0,0,0,0,0,0,0,0,0,0,0,0,0,0,0,0,0,0,0,0,0,0,0,0,0,0,0,0,0,0,0,0,0,0,0,0,0,0,0,17,0,0,0,0,0,0,0,0,0,0,0,0,0,0,0,0,3,4,0,0,0,0,0,3,0,2,0
Pseudocolliniidae,0,0,0,0,0,0,0,0,0,0,0,0,0,0,0,0,0,0,0,0,0,0,0,0,0,0,0,0,0,0,0,0,0,0,0,0,0,0,0,0,0,0,0,0,0,0,0,0,0,0,0,0,0,0,0,0,0,0,0,0,0,0,0,0,0,0,0,0,0,0,0,0,0,0,0,0,0,0,0,0,2,0,0,0,0
Pseudodendromonadales_X,0,7,0,0,0,0,0,0,0,0,0,0,0,0,0,0,0,0,0,0,0,0,0,0,0,0,0,0,0,0,0,0,0,0,0,0,0,0,0,0,0,0,0,0,0,0,0,0,0,0,0,0,0,0,0,0,0,0,0,0,0,0,0,0,0,0,0,0,0,0,0,0,0,0,0,0,0,0,0,0,0,0,0,0,0
Pseudodifflugiidae,0,0,0,2,0,0,0,0,0,0,0,0,0,0,0,0,0,0,3,0,0,0,8,0,0,0,0,0,0,0,0,0,0,0,0,0,0,0,0,0,0,0,0,0,0,0,0,0,0,0,0,0,0,0,0,4,0,6,0,3,0,0,0,4,0,0,0,8,0,9,0,0,0,0,0,0,0,0,0,0,4,2,0,0,0
Pseudoperkinsidae_X,0,0,0,5,0,0,0,0,0,0,5,6,5,5,29,17,3,3,13,8,4,9,21,0,6,4,16,7,9,8,18,15,5,12,22,2,0,0,0,0,0,5,6,8,0,11,6,2,3,0,0,4,0,2,0,0,0,0,8,0,4,0,15,0,0,0,0,3,0,0,0,0,0,2,7,2,0,2,0,3,0,0,0,0,0
Pseudophyllomitidae_X,0,6,0,0,0,0,0,0,0,0,0,0,0,0,0,0,0,0,4,0,0,0,8,0,0,0,0,0,0,0,0,3,0,0,0,7,0,3,0,0,0,0,0,0,0,0,0,0,0,0,0,0,0,0,0,0,0,0,0,0,0,0,0,0,0,0,0,0,0,0,0,0,0,0,0,0,0,0,0,0,0,0,0,0,0
Pterocystida_XX,6,5,4,9,4,6,7,10,0,0,3,4,8,96,30,50,3,37,14,14,5,14,37,6,33,55,14,17,9,0,8,21,3,10,17,5,2,16,0,2,2,6,0,5,0,8,0,0,0,0,0,0,0,0,0,0,0,9,0,0,0,0,0,0,0,0,10,5,10,13,0,0,0,6,7,24,7,0,0,0,18,13,11,12,0
Pterocystidae,0,5,0,0,0,0,0,0,0,0,0,4,2,0,0,0,0,3,0,0,0,0,4,0,0,0,0,0,0,0,0,3,0,0,0,0,0,0,0,0,0,0,0,0,0,0,0,3,0,0,0,0,0,0,0,0,0,0,0,0,0,0,0,0,0,0,0,0,0,0,0,0,0,0,0,0,0,0,0,0,0,0,0,0,0
Pterospermaceae,0,0,0,0,0,0,0,4,0,0,0,0,0,0,0,0,0,0,0,0,0,0,0,0,0,0,0,0,0,0,0,0,0,0,0,0,0,0,0,0,0,0,0,0,0,0,0,2,0,0,0,0,0,0,0,0,0,0,0,0,0,0,0,0,0,0,0,0,0,0,0,0,0,0,0,0,0,0,0,0,0,0,0,0,4
Pycnococcaceae,0,0,0,0,0,0,0,0,0,0,0,0,0,0,0,0,0,0,0,0,0,0,0,0,4,0,6,0,0,0,0,0,0,0,0,0,0,0,0,0,0,0,0,0,0,0,0,0,0,0,0,0,0,0,0,0,0,0,0,0,0,0,0,0,0,0,0,0,0,0,0,0,0,0,0,0,0,0,0,0,5,0,0,0,4
Pyramimonadaceae,0,0,18,0,4,0,3,3,3,0,0,0,0,0,5,4,5,0,3,0,0,12,0,0,8,10,0,7,0,2,0,0,0,0,9,0,0,5,0,0,6,3,0,3,0,0,6,0,0,0,2,0,2,0,0,0,0,0,0,3,0,0,0,0,0,2,0,0,9,3,0,0,0,0,0,0,0,0,0,3,5,3,7,0,0
Pyramimonadales_X,0,0,0,0,0,0,0,0,0,0,0,0,0,0,0,0,0,0,0,0,0,0,2,0,0,0,0,0,0,0,0,0,0,0,0,0,0,0,0,0,0,0,0,0,0,0,0,0,0,0,0,0,0,0,0,0,0,0,0,0,0,0,0,0,0,0,0,0,0,0,0,0,0,0,0,0,0,2,0,0,0,0,3,2,0
Pyrenomonadaceae,0,0,0,0,0,0,0,0,0,0,0,0,0,0,0,0,0,0,0,0,0,0,0,0,0,0,0,0,0,0,0,0,0,0,0,0,0,0,0,0,0,0,0,0,0,0,0,0,0,0,0,0,0,0,0,0,0,0,0,2,0,0,0,0,0,0,0,0,0,0,0,0,0,0,0,0,0,0,0,0,0,0,0,0,0
Pyrocystaceae,0,0,0,0,0,0,0,0,0,0,0,0,3,0,0,0,0,0,3,14,0,0,8,0,0,0,0,3,0,0,0,0,0,0,0,2,0,0,0,0,0,0,0,0,0,0,3,0,0,10,0,4,2,0,0,5,0,4,0,0,0,0,0,3,7,4,0,0,4,14,96,0,0,14,8,9,0,0,0,6,3,30,29,0,0
RAD-A_Xf,0,0,0,0,0,0,0,0,0,0,0,0,0,0,0,0,0,0,0,0,0,0,0,0,4,0,2,0,0,0,0,0,0,0,0,0,2,0,0,0,0,0,0,0,0,0,0,0,0,0,0,0,0,0,0,0,0,0,0,0,0,0,0,0,0,0,0,0,0,0,0,0,0,0,0,0,0,0,0,0,0,0,0,0,0
Raphidiophryidae,0,0,0,0,0,0,0,0,0,0,0,0,0,0,0,0,3,0,0,0,0,0,0,0,0,0,0,0,0,0,0,0,0,0,0,0,0,0,0,0,0,0,0,0,0,0,0,0,0,0,0,0,0,0,0,0,0,0,0,0,0,0,0,0,0,0,0,0,0,0,0,0,0,0,0,0,0,0,0,0,0,0,0,0,0
Raphidophyceae_XX,6,7,8,5,0,0,0,4,5,3,0,6,13,13,10,13,2,3,11,19,0,0,22,3,29,22,13,15,2,0,0,13,0,8,12,7,0,0,2,6,0,4,4,5,3,0,0,2,3,6,6,4,15,5,6,19,12,0,5,5,14,14,7,13,36,20,24,52,30,25,13,23,7,23,6,19,17,11,5,16,20,12,11,9,8
Rhabdocoela,3,3,306,0,17,25,52,4,23,297,14,7,62,31,323,18,102,105,222,126,144,1009,399,70,156,144,2635,141,148,98,249,168,109,847,350,88,30,25,374,30,77,50,251,64,87,710,58,61,18,3,83,13,22,31,160,11,80,287,56,12,7,0,120,0,11,42,67,13,128,958,55,4,121,93,359,184,74,131,111,127,301,927,1156,68,28
Rhabdonellidae,0,0,0,0,0,0,0,0,0,0,0,0,0,0,0,0,0,0,0,0,0,0,0,0,0,0,0,0,0,0,0,0,0,0,0,0,0,0,0,0,8,0,0,0,0,0,4,0,0,0,0,0,0,0,0,0,0,0,0,0,0,0,0,0,0,0,0,0,0,0,0,0,0,0,0,0,0,0,0,0,0,0,0,0,0
Rhaphoneidaceae,103,132,101,99,52,97,65,90,43,45,106,85,81,145,98,96,83,121,92,144,75,94,272,72,220,214,165,112,58,93,66,94,54,43,201,59,113,97,59,22,21,76,43,77,45,20,84,53,0,0,24,14,0,0,16,15,13,36,11,18,19,0,17,11,10,11,20,23,22,41,45,10,12,35,16,25,0,17,12,36,33,66,45,13,16
Rhizamoeba-saxonica-lineage,5,3,0,13,0,0,0,0,0,5,0,14,0,9,0,0,0,0,3,0,0,11,0,0,12,10,6,0,0,0,0,0,0,0,0,0,0,0,0,4,0,0,0,0,0,0,0,0,0,0,0,0,0,0,0,0,0,0,0,0,0,0,0,0,0,0,0,2,0,0,0,0,0,3,3,2,2,0,0,0,0,0,0,0,0
Rhizosoleniaceae,0,0,3,0,0,0,6,0,0,0,2,0,0,0,0,0,0,0,3,0,0,0,3,0,2,0,6,0,0,3,0,0,0,0,2,0,0,0,0,0,0,0,0,0,0,0,0,0,0,0,0,0,0,0,0,0,0,0,0,0,0,21,0,0,0,0,0,0,0,0,0,0,0,0,0,0,0,0,0,0,0,0,0,0,0
Rhodellales_X,312,241,153,351,493,520,271,366,283,220,1076,235,199,167,162,479,510,357,366,919,121,237,367,171,1100,531,272,196,175,140,178,287,109,149,333,149,175,101,86,102,123,135,108,186,70,151,233,111,204,40,88,82,72,44,61,175,63,73,1394,60,121,47,85,65,58,31,58,252,89,86,133,40,168,126,109,84,100,70,41,918,86,78,121,84,1744
Rhodelphidae,0,0,0,0,0,0,0,0,0,0,0,0,0,0,0,0,0,0,0,0,0,0,4,0,0,5,0,0,0,0,0,0,0,0,0,0,0,0,0,0,0,0,0,0,0,0,2,0,0,0,0,0,0,0,0,0,0,0,0,0,0,0,0,0,0,0,0,0,0,0,0,0,0,0,0,0,0,0,0,0,0,0,0,0,0
Rhynosporidae_X,0,6,6,3,4,9,0,0,4,7,0,6,0,0,0,0,5,0,0,0,0,6,0,3,0,3,0,0,2,0,0,0,0,5,18,3,0,11,3,0,0,0,0,4,0,0,0,3,0,0,7,0,0,0,5,0,3,14,0,6,0,0,0,0,2,0,0,0,17,9,3,0,4,16,5,9,7,7,10,5,12,47,27,13,0
Rigifilida_XXXX,28,26,10,22,22,14,0,0,0,4,0,38,0,0,4,6,7,7,4,0,0,0,5,0,9,16,18,0,0,0,7,8,0,3,8,6,0,3,6,0,0,0,0,0,0,3,0,2,0,0,0,0,0,0,0,0,3,0,2,0,0,0,0,0,0,0,0,0,0,0,0,0,0,0,0,7,0,0,0,0,4,7,9,20,0
Rotifera_XX,33,26,44,9,38,48,45,63,19,15,21,35,41,117,138,77,74,56,78,119,26,40,59,81,54,49,31,22,54,16,26,44,23,28,16,10,7,3,11,0,14,0,26,25,11,12,7,10,0,0,9,0,0,2,0,0,0,3,0,0,5,8,12,0,0,5,7,7,5,5,10,0,3,14,13,4,5,9,0,8,6,4,7,0,2
Rotosphaerida_XXX,60,55,37,58,46,60,46,75,31,13,141,104,91,153,81,105,89,80,72,45,31,30,551,29,234,131,66,36,30,21,18,30,18,14,179,24,25,30,8,9,22,28,24,10,16,11,77,35,26,11,6,0,4,17,10,56,14,52,6,10,13,0,19,5,14,17,10,53,45,46,10,9,23,42,19,30,28,20,8,105,80,117,113,56,75
Salpingoecidae_Group_C2,0,0,4,0,0,0,0,0,0,0,0,0,0,0,0,0,0,0,0,0,0,0,0,0,0,0,0,0,0,0,0,0,0,0,0,0,0,0,0,0,0,0,0,0,0,0,0,0,0,0,0,0,0,0,0,0,0,0,0,0,0,0,0,0,0,0,0,0,0,0,0,0,0,0,0,0,0,0,0,0,0,0,0,0,0
Sandonidae,0,0,0,3,0,0,3,0,0,0,0,0,0,0,0,0,0,0,0,0,0,0,0,0,5,0,0,0,0,0,0,0,0,0,0,0,0,0,0,0,0,4,0,0,0,0,0,0,0,0,0,0,0,0,0,0,0,0,0,0,0,0,0,0,0,0,0,0,0,0,0,0,0,2,0,0,0,0,0,3,0,0,0,0,0
Sarcinochrysidaceae,4,0,2,0,0,0,0,0,0,0,0,0,0,8,0,0,0,6,0,0,0,0,4,0,3,11,2,0,0,3,7,0,4,0,0,8,0,0,0,0,9,9,14,0,0,0,3,0,0,0,0,0,0,0,8,0,12,0,0,0,0,0,0,0,4,3,11,21,80,0,0,0,0,2,0,0,0,0,0,7,13,0,0,2,0
Scenedesmaceae,0,0,0,0,0,19,0,0,0,0,0,7,0,0,0,0,0,0,0,0,0,0,0,0,0,0,0,0,0,0,0,0,0,0,0,0,0,0,0,0,0,0,0,0,0,0,0,0,0,0,0,0,0,0,0,0,0,0,0,0,0,0,0,0,2,0,0,0,0,0,0,0,0,0,0,0,0,0,0,0,0,0,0,0,0
Schizoplasmodiidae,0,3,2,0,0,0,0,0,0,0,3,0,0,0,0,0,0,0,0,0,0,0,5,0,3,6,0,0,0,3,0,2,0,0,4,0,0,0,0,0,0,0,0,0,0,0,0,0,0,0,0,0,0,0,0,0,0,0,0,0,0,0,0,0,0,0,0,0,0,0,0,0,0,0,0,0,0,0,0,0,0,0,0,4,0
Segregatospumellaceae,6,0,0,0,0,0,3,0,0,0,0,0,0,0,0,0,0,0,0,0,0,0,0,0,0,0,0,0,0,0,0,0,0,0,0,0,0,0,0,0,0,0,0,0,0,0,0,0,0,0,0,0,0,0,0,0,0,0,0,0,0,0,0,0,0,0,0,0,0,0,0,0,0,0,0,0,0,0,0,0,0,0,3,0,0
Selenastraceae,0,0,3,0,0,0,0,0,0,0,0,0,0,0,0,0,0,0,0,0,0,0,0,0,0,0,0,0,0,0,0,4,0,0,0,0,0,0,0,0,0,0,0,0,0,0,0,0,0,0,0,0,0,0,0,0,0,0,0,0,0,0,0,0,0,0,0,0,0,0,0,0,0,0,0,0,0,0,0,0,0,0,0,0,0
Sessilida,5,13,0,0,0,3,0,0,0,0,10,0,0,0,0,0,0,0,0,9,0,0,2,0,25,7,0,0,0,0,0,0,0,0,2,0,0,0,0,0,0,0,0,0,0,0,0,0,0,0,0,0,0,0,0,0,0,0,0,0,4,0,0,0,0,0,0,0,0,0,0,0,0,3,0,0,0,2,0,2,0,2,0,0,0
Skeletonemaceae,1369,1637,1059,1114,801,1339,1100,1102,1056,663,1345,1630,1306,1488,1541,1265,937,1488,1353,1374,993,1055,3488,1311,2214,2171,1829,1312,821,1054,932,1064,946,651,2559,1054,1130,1012,692,637,460,980,791,778,609,530,900,911,338,265,440,542,356,257,704,469,2101,1749,648,1438,396,285,242,254,495,400,698,675,2603,1919,3105,961,1259,1205,836,1136,1060,1272,685,1815,5621,4910,3287,3107,914
Sphaeropleales_X,5,17,0,5,23,13,3,34,11,3,11,39,2,13,8,9,4,14,4,4,0,7,4,0,9,22,11,7,0,0,2,0,5,2,17,2,0,0,0,0,0,5,7,4,0,7,4,0,0,0,0,0,0,2,3,0,0,0,2,0,0,0,0,3,0,0,0,0,4,0,0,6,0,3,0,4,4,0,0,0,0,0,0,0,0
Stauroneidaceae,85,99,42,62,91,92,55,71,72,62,107,128,64,100,96,82,98,124,73,138,42,70,105,113,91,122,80,94,114,121,79,124,80,121,124,143,154,138,90,83,83,122,115,117,115,119,145,223,53,67,57,86,82,91,184,128,59,90,11,46,35,42,19,30,64,76,132,129,144,72,48,20,42,47,8,40,42,58,37,98,72,54,30,39,81
Staurosiraceae,29,27,26,27,68,51,5,35,46,15,38,33,20,16,16,0,33,23,26,32,0,18,19,0,43,33,4,25,30,24,28,23,22,0,30,0,25,0,0,8,27,23,13,0,13,9,20,15,0,0,11,0,0,13,0,0,0,14,0,11,0,7,0,4,3,6,0,6,14,12,20,10,9,17,9,4,9,21,0,0,8,17,16,5,9
Stephanodiscaceae,476,381,209,200,232,318,343,484,167,175,231,241,263,260,248,197,154,364,288,331,115,166,465,198,686,646,370,211,123,171,201,271,139,122,335,138,201,180,98,84,45,122,140,157,58,62,106,113,0,8,19,25,0,9,0,14,22,29,11,19,35,19,18,21,10,0,14,9,17,60,43,19,15,59,32,40,13,14,0,35,55,104,72,46,12
Stephanoecidae,0,0,0,0,0,0,0,0,0,0,0,0,0,0,0,0,0,0,0,2,0,0,0,0,0,0,0,0,0,0,0,0,0,0,0,0,0,0,0,0,0,0,0,0,0,0,0,0,0,0,0,0,0,0,0,0,0,0,0,0,0,0,0,0,0,0,0,0,2,0,0,0,0,0,0,0,0,0,0,0,0,0,0,0,0
Stephanoecidae_Group_H,0,0,0,0,0,0,0,0,0,0,0,0,0,0,0,0,0,0,0,0,0,0,0,0,0,0,0,0,0,0,0,0,0,0,0,0,0,0,0,0,0,0,0,0,0,0,0,0,0,0,0,0,0,0,0,0,0,0,0,0,0,0,0,0,0,0,5,0,0,0,0,0,0,0,0,0,0,0,0,0,0,0,0,0,0
Stramenopiles_X-Group-6_XX,0,0,0,0,0,0,0,0,0,0,0,0,0,0,0,0,0,0,0,0,0,0,5,0,4,0,0,0,0,0,0,0,0,0,0,0,0,0,0,0,0,0,0,0,0,0,2,0,0,0,0,0,0,0,0,0,0,0,0,0,0,0,0,0,0,0,0,0,0,0,0,0,0,0,0,0,0,0,0,0,0,0,0,0,0
Stramenopiles_XXXX,0,0,0,0,0,0,0,0,5,0,0,0,0,0,2,0,0,0,0,0,4,0,0,0,0,4,0,0,0,2,0,3,0,0,0,0,0,5,0,0,2,3,0,0,0,3,0,0,0,0,2,0,0,0,0,0,0,0,0,0,0,0,0,0,0,0,0,0,0,0,6,0,0,0,0,0,0,3,0,0,0,0,0,0,0
Strobilidiidae,0,0,0,0,0,0,0,0,0,0,0,0,0,0,0,0,0,0,0,0,0,0,2,0,0,0,0,0,0,0,0,0,0,4,0,0,0,0,0,0,0,0,0,0,2,0,0,0,2,0,0,0,0,0,0,0,0,7,0,0,0,0,0,0,0,0,0,0,4,2,0,0,0,2,0,0,9,0,0,3,5,10,7,6,0
Strombidiidae,200,473,178,168,145,233,157,155,163,140,276,309,76,188,152,101,163,185,144,185,36,116,616,153,226,178,198,90,112,90,80,139,61,34,196,110,51,83,22,26,73,109,45,59,35,29,107,103,6,5,25,42,20,10,36,23,45,21,38,14,81,47,42,65,49,35,153,121,264,54,307,56,36,129,43,147,60,48,15,127,140,66,142,32,150
Strombidinopsidae,63,127,399,42,44,24,43,59,71,22,29,39,39,310,58,58,8,5,22,36,13,72,58,29,175,903,575,124,21,29,33,52,42,17,108,38,73,67,126,7,8,2,11,17,26,7,13,5,21,88,15,13,0,0,26,6,30,15,3,29,82,65,53,27,12,23,198,59,183,86,135,372,83,2198,126,162,22,30,37,44,126,73,174,120,0
Stygamoebida_XX,5,0,0,2,0,0,0,0,0,0,0,0,0,0,0,0,4,0,0,0,0,0,0,0,0,3,0,0,0,0,0,0,0,0,0,0,0,0,0,0,0,0,0,0,0,0,0,0,0,0,0,0,0,0,0,0,0,0,0,0,0,0,0,0,0,2,0,0,0,0,0,0,0,0,0,0,0,0,0,0,4,0,0,0,0
Subulatomonas-lineage,762,625,2888,1043,540,472,845,536,275,239,617,411,237,127,127,156,1315,359,1051,468,141,529,223,191,1132,909,275,252,254,184,251,147,98,113,482,410,175,135,297,89,135,108,188,103,47,133,240,143,31,42,80,55,51,29,17,71,48,53,148,77,156,172,93,245,156,27,48,109,58,91,114,67,181,270,84,222,212,194,83,1112,115,125,132,95,533
Suctoria_X,0,0,0,0,0,0,0,0,0,0,0,0,0,0,0,0,0,0,0,0,0,0,0,0,0,0,0,0,0,0,0,0,0,0,0,0,0,0,0,0,0,0,0,0,0,0,0,0,0,0,0,0,0,0,0,0,0,0,0,0,0,0,0,0,0,0,0,0,0,3,0,0,0,0,0,0,0,0,0,0,0,10,10,0,0
Suessiaceae,258,2087,902,1238,432,247,335,192,404,248,193,283,117,160,141,205,388,187,234,174,120,553,310,133,393,474,280,204,240,132,166,96,112,202,278,182,60,276,136,126,96,62,103,89,95,151,103,97,73,60,131,86,48,41,68,90,53,80,135,83,153,59,111,334,119,81,108,268,237,192,330,89,156,272,159,293,121,126,82,834,170,163,152,92,833
Suessiales_X,0,6,7,0,0,9,0,0,0,15,0,2,0,9,12,3,7,8,0,0,0,7,50,12,24,53,48,13,7,0,11,4,7,15,32,0,3,6,4,0,0,0,2,0,0,8,3,0,0,0,0,0,0,0,12,9,0,0,0,0,0,0,6,3,6,14,26,26,6,18,10,0,0,0,0,0,0,0,5,9,0,0,5,0,0
Surirellaceae,1850,1616,1431,1952,1963,1775,1297,1863,1955,1391,2038,2155,1029,749,1013,1071,1444,1269,1137,1883,1043,1375,1825,1326,1612,1273,1572,1757,1894,1439,1464,2057,2022,1818,3412,1815,1929,1577,1328,1678,1763,1671,1613,2236,1788,2366,2582,2329,1421,1402,1028,2278,1796,2274,1934,2265,1006,2016,2304,957,1367,1475,876,1059,2110,1995,2070,2372,1356,1744,3077,803,1145,1195,660,1364,1332,2513,640,3099,1080,1547,1042,895,2953
Symbiodiniaceae,0,16,13,20,0,0,0,0,0,0,0,0,0,0,0,19,0,0,0,0,0,0,0,0,0,0,0,0,0,0,0,0,0,0,0,0,0,0,0,0,0,0,0,0,0,0,0,0,0,0,0,0,0,0,0,0,0,0,0,0,0,0,0,0,0,0,0,0,0,0,0,0,0,9,0,18,8,0,0,0,0,0,0,0,0
Symbiomonaceae,0,2,0,0,0,0,0,0,0,0,0,0,0,0,0,0,0,0,0,0,0,0,0,0,0,0,0,0,0,0,0,0,0,0,0,0,0,0,0,0,0,0,0,0,0,0,0,0,0,0,0,0,0,0,0,0,0,0,0,0,0,0,0,0,0,0,0,0,0,0,0,0,0,0,0,0,0,0,0,0,0,0,0,0,0
Synchromophyceae_XX,9,0,0,0,0,0,0,0,0,0,0,0,0,0,0,0,0,0,0,0,0,0,0,0,0,0,0,0,0,0,0,0,0,0,0,0,0,0,0,0,0,0,0,0,0,0,0,0,0,0,0,0,0,0,0,0,0,0,0,0,0,0,0,0,0,0,0,0,0,0,0,0,0,0,0,0,0,0,0,0,0,0,0,5,0
Synuraceae,0,0,0,0,0,0,0,0,0,0,0,0,0,0,0,0,0,0,0,0,0,0,0,0,0,0,0,0,0,0,0,0,0,0,0,0,0,0,0,0,0,0,0,0,0,0,0,0,0,0,0,0,0,0,0,8,0,0,0,0,0,0,0,0,0,0,0,0,0,5,0,0,0,2,0,0,0,3,0,13,0,0,0,0,0
TAGIRI1-lineage,55,51,32,32,16,102,28,50,0,26,53,0,17,21,0,0,29,43,25,66,11,38,20,0,95,36,32,24,12,32,16,30,12,0,0,13,22,31,22,8,38,50,34,0,3,0,13,15,28,12,22,0,5,28,65,36,17,5,0,13,17,0,0,20,41,39,52,42,40,37,93,7,23,0,9,9,30,32,14,79,21,23,23,19,42
Teleostei,3,0,0,0,6,0,0,34,0,0,0,0,0,0,0,0,0,0,0,0,0,0,0,0,0,6,5,0,0,0,0,0,0,43,0,0,0,0,0,0,0,0,0,3,0,0,0,0,0,0,0,0,0,0,0,0,0,0,0,0,0,0,0,0,0,0,0,0,0,0,74,0,0,0,12,0,0,0,0,0,0,2,0,0,1054
Telonemia-Group-1,0,0,0,0,0,0,0,0,0,0,0,0,0,0,0,0,0,0,0,0,0,0,0,0,0,0,0,0,0,0,0,0,0,0,0,0,0,0,0,0,0,0,0,0,0,0,0,0,0,0,0,0,0,0,0,0,0,0,4,0,0,0,0,0,0,0,0,0,0,5,0,0,0,5,0,0,0,3,0,0,0,0,7,2,0
Tetramitia_VI_X,0,0,6,3,0,5,0,0,0,0,0,0,0,0,0,0,0,0,0,0,0,0,0,0,0,0,0,0,0,0,0,0,0,0,0,0,0,0,0,0,0,0,0,0,0,0,0,0,0,0,0,0,0,0,0,0,0,0,0,0,0,0,0,0,0,0,0,0,0,0,0,2,0,0,0,0,0,0,0,0,0,0,0,0,0
Thalassionemataceae,0,0,0,0,0,0,0,0,0,0,0,0,0,0,0,0,0,0,0,0,0,0,0,0,8,0,0,0,0,0,0,0,0,0,0,0,0,0,0,0,0,0,0,0,0,0,0,0,0,0,0,0,0,0,0,0,0,0,0,0,0,0,0,0,0,0,0,0,0,0,0,0,0,0,0,0,0,0,0,0,0,0,0,0,0
Thalassiosiraceae,3125,3184,4154,2278,1314,2173,2191,1858,1818,2101,2442,3160,2282,1857,2309,1499,1805,2174,2793,1896,1667,5515,4407,2147,4535,4579,4993,1810,1593,1770,2047,1711,1771,1654,3701,1667,2683,2217,3098,1921,1108,1649,1748,1357,1285,1573,1775,1720,490,263,559,595,348,436,727,927,2284,2598,936,1462,740,281,365,326,737,622,989,1499,3108,3239,4824,1316,1654,1516,1168,1374,1253,1532,701,2973,7184,7121,3802,4376,1450
Thaumatomonadida_X,45,47,13,51,65,40,25,46,29,9,23,20,34,75,10,29,11,0,44,45,7,31,32,17,40,77,42,55,27,60,42,43,36,21,36,17,31,10,8,32,34,45,83,41,35,44,46,22,26,8,59,61,48,42,53,138,44,77,21,37,31,9,32,29,11,9,5,17,9,0,0,17,16,10,26,25,11,9,0,24,12,37,0,9,17
Thaumatomonadidae,14,4,0,3,17,6,12,11,0,5,18,13,15,18,0,0,10,12,15,31,0,24,13,12,48,36,5,8,12,0,22,12,11,14,25,17,10,0,0,0,2,4,0,15,0,0,10,0,0,4,0,0,0,0,0,6,12,8,0,0,0,0,0,0,3,0,0,8,0,10,19,0,3,0,0,0,0,0,0,9,17,0,8,0,7
Thigmophryidae,0,0,0,0,0,0,0,0,0,0,0,0,0,0,0,0,0,0,0,0,0,0,0,0,0,0,0,0,0,0,0,0,2,0,0,0,0,0,0,0,0,0,0,0,4,0,0,0,0,0,0,0,0,0,0,0,0,0,0,0,0,0,0,0,0,2,2,0,0,5,0,0,0,0,0,0,0,0,0,0,0,8,0,0,0
Thoracosphaeraceae,283,385,348,283,156,295,209,157,398,184,143,272,96,183,64,79,80,133,228,265,49,416,398,36,446,334,291,86,47,109,39,0,72,64,210,103,0,82,144,59,24,45,123,20,57,86,36,13,40,40,0,14,0,0,45,10,41,114,15,8,0,33,0,20,32,6,170,236,279,424,737,18,11,59,0,14,46,15,69,110,171,317,151,77,115
Thraustochytriaceae,6,3,7,5,15,9,10,4,8,22,8,14,6,0,0,0,0,0,0,0,9,31,11,8,24,26,6,3,0,3,11,2,0,6,8,0,2,0,0,0,0,0,2,0,0,0,0,0,0,0,0,0,0,0,2,0,2,2,0,0,0,0,3,4,0,0,0,2,2,0,0,0,2,6,0,0,0,4,0,6,0,15,5,4,0
TIN_01,2,0,0,4,0,0,0,0,0,0,0,14,7,16,21,26,0,6,6,7,4,0,10,8,22,11,11,0,0,7,3,3,0,0,6,13,0,0,0,0,0,0,0,0,0,0,0,7,2,0,0,0,0,0,0,0,0,0,0,0,0,0,0,0,4,0,0,0,0,0,13,0,0,0,0,0,10,0,0,0,0,0,0,0,29
TIN_03,0,0,0,0,0,0,0,0,0,0,0,0,0,0,0,0,0,0,0,0,0,0,0,0,0,0,0,0,0,0,0,0,0,0,0,0,0,0,0,0,0,0,0,0,0,0,0,0,4,0,0,0,0,0,0,0,26,5,0,0,0,0,0,0,0,0,0,0,18,0,0,0,0,0,0,0,0,0,0,0,37,0,0,0,0
TIN_04,0,0,0,0,0,0,0,0,0,0,0,0,0,0,0,0,0,0,0,0,0,0,29,0,0,0,0,0,0,0,0,0,0,0,21,0,0,2,0,0,0,7,0,0,0,0,0,0,4,0,0,0,3,0,0,0,9,10,10,0,0,0,0,0,0,0,0,5,16,20,13,3,7,18,27,18,7,9,0,18,163,126,156,30,0
TIN_05,13,0,0,0,0,9,6,0,0,8,0,9,6,0,0,0,0,0,6,0,0,0,12,0,51,9,0,2,0,0,5,0,0,0,0,6,10,0,0,0,0,0,0,0,0,0,0,5,0,0,0,0,0,0,0,0,0,0,0,9,0,0,0,0,0,0,0,0,0,0,0,0,0,0,0,0,0,0,0,0,0,0,15,13,0
TIN_06,0,0,0,0,0,0,0,0,0,0,0,0,0,0,0,0,0,0,0,0,0,0,0,0,0,0,0,0,0,0,0,0,0,0,0,0,0,0,0,0,0,0,0,0,0,0,0,0,0,0,0,0,0,0,0,0,0,0,0,0,0,0,0,0,0,0,0,0,0,0,0,0,0,0,0,0,0,0,0,3,0,0,0,0,0
TIN_07,0,0,0,0,0,0,5,0,0,0,0,0,0,0,0,0,0,0,6,0,5,0,0,0,0,6,0,0,0,0,0,0,0,0,0,0,0,0,0,0,0,0,0,0,0,0,0,0,0,0,0,0,0,0,0,0,0,0,0,0,0,0,0,0,0,0,9,0,0,0,0,0,0,0,0,0,0,0,0,0,7,0,0,0,0
TIN_08,5,0,12,8,9,16,7,7,0,0,7,0,0,0,0,0,0,0,0,0,0,0,0,0,0,0,0,0,0,9,0,0,0,0,0,0,0,0,0,0,0,0,0,0,0,0,0,0,0,0,0,0,0,0,0,0,0,0,0,0,0,0,0,0,0,0,0,0,0,0,0,0,0,0,0,0,0,0,0,0,0,0,0,0,0
TIN_09,0,0,0,3,0,0,0,0,0,17,0,6,5,0,0,0,12,0,0,5,0,45,0,7,0,0,0,0,0,0,0,0,0,30,0,0,0,0,0,0,0,0,0,0,0,27,0,0,0,0,0,0,4,0,9,0,0,0,0,0,0,0,0,0,0,7,73,7,0,0,0,0,0,0,0,0,0,0,10,0,0,0,0,0,0
TIN_10,0,0,0,0,0,0,0,0,0,0,0,0,0,0,0,0,0,0,0,0,0,0,0,0,0,0,0,0,0,0,0,0,0,0,0,0,0,0,0,0,0,0,0,0,0,0,0,0,0,0,0,0,0,0,0,0,0,0,0,0,9,0,0,0,0,0,0,0,0,0,0,0,15,0,0,0,0,0,0,0,0,0,0,0,147
TIN_11,0,0,0,0,0,0,0,0,0,0,0,0,0,0,6,0,0,0,0,0,0,0,0,0,6,0,10,0,0,0,0,0,0,0,0,0,2,0,0,0,7,0,0,0,0,0,0,0,0,0,0,0,0,0,0,0,0,0,0,0,0,0,4,0,0,0,0,0,7,0,0,0,0,0,0,0,0,0,0,0,0,0,0,0,0
Tintinnidiidae,0,0,0,0,0,0,0,0,0,0,10,0,0,9,0,0,0,0,0,0,0,0,29,0,2,0,0,0,0,0,0,0,0,0,17,0,0,0,3,0,0,0,0,0,0,0,0,0,0,0,0,0,0,0,0,0,5,11,0,0,0,0,0,0,20,0,0,21,0,4,3,2,0,5,0,0,4,0,0,7,5,6,7,0,0
Trebouxiophyceae_XX,0,5,0,0,0,0,0,0,0,3,0,0,0,0,5,0,0,0,0,0,0,0,0,0,0,0,0,0,0,0,0,0,0,0,0,0,0,0,0,0,0,0,0,0,0,0,0,0,0,0,0,0,0,0,0,0,0,0,0,0,0,0,0,0,0,0,0,0,0,0,0,0,0,0,0,0,0,0,0,0,0,0,0,0,0
Tremulidae,0,0,0,0,0,0,0,0,0,0,0,0,0,0,0,0,0,0,0,0,0,0,0,0,0,0,0,0,0,0,0,0,0,0,0,0,0,0,0,0,0,0,0,0,0,0,0,0,0,0,0,0,0,0,0,0,0,0,0,0,0,0,0,0,0,2,0,0,0,0,0,0,0,0,0,0,0,0,0,0,0,3,0,0,6
Trichostomatia_X,0,10,0,0,0,0,4,3,6,0,0,0,0,0,0,0,0,0,7,2,0,0,0,8,9,32,0,0,0,0,0,5,0,8,13,0,5,4,4,0,0,2,0,0,0,0,5,5,0,0,0,0,0,0,0,0,0,4,40,0,0,181,0,2,0,0,3,2,0,0,7,5,0,2,0,0,0,0,0,3,0,0,0,0,0
Trichotokaridae,0,0,0,0,0,0,0,0,0,0,0,0,0,0,0,0,7,2,0,0,0,0,0,0,0,0,0,0,0,0,0,0,0,0,0,0,0,0,0,0,0,0,0,0,0,0,0,0,0,0,0,0,0,0,0,0,0,0,0,0,0,0,0,0,0,0,0,0,0,0,0,0,0,0,0,0,0,0,0,0,0,0,0,0,0
Trimyemidae,0,0,0,0,0,0,0,5,0,0,0,0,0,0,0,0,0,0,0,0,0,0,0,0,0,0,0,0,0,0,0,2,0,0,0,0,0,0,0,0,0,0,0,0,0,0,0,0,0,0,0,0,0,0,0,0,0,0,0,0,0,0,0,0,0,0,0,4,0,0,0,0,0,0,0,0,0,0,0,0,0,0,0,0,0
Trinematidae,0,0,0,0,0,0,0,0,0,0,0,0,0,0,0,0,0,0,0,0,0,0,0,0,0,0,0,0,0,0,0,0,0,0,0,0,0,0,0,0,0,0,0,0,0,0,0,0,0,0,0,0,0,0,0,0,0,0,0,0,0,0,0,0,0,0,0,0,0,0,0,0,0,0,0,0,0,0,0,0,0,0,0,0,2
Ulnariaceae,0,0,0,0,0,0,0,0,0,0,0,0,0,0,0,0,0,0,0,0,0,0,0,0,0,0,0,0,0,0,0,0,0,0,0,0,0,0,0,0,0,0,0,0,0,0,0,0,0,0,0,10,0,0,0,0,0,0,0,0,0,0,0,0,0,0,0,0,0,0,0,0,0,0,0,0,0,0,0,0,0,0,0,0,0
Ulotrichales_X,0,0,0,2,0,0,0,0,0,0,0,0,0,0,0,0,0,0,0,0,0,0,0,0,0,0,0,0,0,0,0,0,2,0,0,0,0,0,0,0,0,0,0,4,0,0,0,0,0,0,0,0,0,0,0,0,0,0,0,0,0,0,0,0,0,0,0,0,0,0,0,0,0,0,0,0,0,0,0,0,0,0,0,0,0
Ulvales-relatives_X,2,0,9,5,10,2,0,3,7,0,5,6,0,5,6,0,0,4,0,0,0,0,4,0,0,6,3,6,0,0,0,2,0,0,2,0,0,2,0,0,2,0,0,0,0,0,0,0,0,0,2,0,3,0,9,0,0,5,0,8,8,0,11,16,0,0,19,0,0,0,3,339,9,2,11,75,21,3,61,9,12,5,10,14,0
Urostylidae,0,3,2,0,0,0,0,0,0,0,0,3,0,8,0,4,0,0,2,0,0,0,0,0,0,11,0,0,0,0,0,0,0,0,0,0,0,0,0,0,0,0,0,0,0,0,0,0,0,0,0,0,0,0,0,0,0,0,0,0,0,0,0,0,0,0,0,0,0,0,3,0,0,0,0,0,0,0,0,0,2,0,0,0,0
Urotrichidae,0,0,0,0,0,0,0,0,0,0,0,0,0,2,0,0,0,0,0,0,0,0,0,0,3,0,0,0,0,0,0,0,0,0,0,0,0,0,0,0,0,0,0,0,0,0,0,0,0,0,0,0,0,0,0,0,0,0,0,0,0,0,0,0,0,0,0,0,0,0,0,0,0,0,0,0,0,0,0,0,0,0,2,0,0
Vaginicolidae,0,0,0,0,0,0,0,0,0,0,0,0,0,0,0,0,0,0,0,0,0,0,0,0,0,0,0,0,0,0,0,0,6,0,0,0,0,0,0,0,0,0,0,0,0,0,0,3,0,0,0,0,0,0,0,0,0,0,0,0,0,0,0,0,0,0,0,0,0,0,0,0,0,3,0,0,0,0,0,0,0,4,0,0,0
Vahlkampfiidae_III,0,0,0,0,0,0,0,0,0,0,0,0,0,0,0,0,0,0,0,0,0,0,0,0,2,0,0,0,0,0,0,0,0,0,0,0,0,0,0,0,0,0,0,0,0,0,0,0,0,0,0,0,0,0,0,0,0,0,0,0,0,0,0,0,0,0,0,0,0,0,0,0,0,0,0,0,0,0,0,0,0,0,0,0,0
Vannellidae,0,0,0,0,0,0,0,0,0,0,0,0,0,0,0,0,0,0,0,0,0,0,0,0,0,0,0,0,0,0,0,0,0,0,0,0,0,0,0,0,0,0,0,0,0,0,0,0,0,0,0,0,2,0,0,0,0,0,0,0,0,15,0,0,0,0,0,0,0,0,0,0,0,0,0,0,0,0,0,0,0,0,0,0,0
Ventricleftida_X,109,62,47,108,98,83,58,66,106,93,122,173,77,39,21,30,121,74,46,46,39,76,152,75,160,170,112,175,200,161,197,241,355,321,645,283,255,241,82,270,199,143,119,131,109,173,234,202,22,18,25,44,89,86,66,49,29,73,44,32,31,100,34,34,115,118,40,80,106,67,7,39,82,50,29,111,139,86,25,77,91,30,73,62,68
Ventrifissuridae,149,256,159,161,147,196,117,150,155,191,131,220,134,254,150,180,204,147,103,215,57,384,279,128,504,417,232,185,156,112,90,151,54,97,232,80,100,139,76,46,44,78,61,68,38,81,63,51,21,19,42,76,27,20,76,131,68,90,24,76,25,0,6,0,4,0,30,55,37,39,136,19,14,11,7,31,8,25,0,51,31,52,5,19,107
Vermamoebidae,2245,1418,3222,1944,363,93,382,211,296,126,300,434,84,31,22,75,67,0,69,19,49,62,103,73,104,49,88,118,76,20,160,149,79,23,538,431,121,108,80,75,128,20,74,29,23,43,32,55,23,15,75,45,32,6,18,68,57,278,337,54,0,123,2,12,0,0,0,0,0,10,14,9,0,0,0,5,0,0,0,7,0,0,0,0,333
Vermistella-lineage,0,0,0,3,0,0,0,0,0,0,0,0,0,0,0,4,0,0,0,0,0,2,0,0,0,0,0,0,0,0,0,0,0,0,0,0,0,0,0,0,0,0,0,0,0,0,0,0,0,0,0,0,0,0,0,0,0,0,0,0,2,0,0,0,0,0,2,0,0,2,2,0,0,0,0,2,0,0,0,0,0,3,0,0,0
Verrucomonadidae,0,0,0,2,0,10,5,2,3,0,0,0,0,0,12,0,4,0,0,16,4,0,0,2,2,8,17,6,0,5,6,0,0,0,5,13,2,5,8,0,0,5,37,3,0,4,10,23,10,0,12,0,4,0,4,13,0,0,3,2,2,0,0,0,2,0,0,0,0,0,4,0,3,0,0,0,0,0,2,5,0,0,0,0,0
Vexilliferidae,9,21,0,0,0,0,0,0,2,0,2,0,0,0,0,4,0,12,0,0,0,3,0,4,0,9,8,2,0,0,0,0,0,0,0,0,4,0,0,0,0,0,0,0,0,0,0,0,0,0,0,0,0,0,0,0,0,0,0,0,0,2,0,0,0,0,0,0,0,0,0,0,0,0,0,0,0,0,0,0,0,0,0,0,0
Warnowiaceae,0,0,0,0,0,0,0,17,0,0,0,0,0,0,0,0,0,0,0,37,0,0,27,0,0,0,24,0,0,0,0,0,0,0,0,0,0,0,0,0,0,0,0,3,0,0,0,0,0,0,0,0,0,0,0,0,0,0,0,0,0,0,0,0,0,0,14,39,0,0,20,0,0,0,0,0,0,0,0,8,0,9,0,0,0
Watanabea-Clade_X:plas,0,0,0,0,3,0,3,0,0,0,0,7,0,0,0,0,0,0,0,0,0,0,0,0,0,0,0,0,0,0,0,0,0,0,0,0,0,0,0,0,0,0,0,0,0,0,0,0,0,0,0,0,0,0,0,0,0,0,0,0,0,0,0,0,0,0,0,0,0,0,0,0,0,0,0,0,0,0,0,0,0,0,0,0,0
Xanthophyceae_XX,0,0,0,0,0,0,0,0,0,0,0,0,0,4,4,0,0,0,0,0,0,0,7,2,0,0,0,0,0,0,0,0,0,0,0,0,0,0,0,0,0,0,0,0,0,0,0,0,0,0,0,0,0,0,0,0,0,0,0,0,0,0,0,0,0,0,0,0,0,0,0,0,0,0,0,0,4,0,0,0,0,0,0,0,0
Zygnemophyceae_XX,0,0,0,0,0,0,0,0,0,0,0,0,0,0,0,0,0,0,0,0,0,0,0,0,0,0,0,0,0,0,0,0,0,0,0,0,0,0,0,0,0,0,0,0,0,0,0,0,0,0,0,0,0,0,0,0,0,0,0,0,0,0,0,0,0,0,0,0,4,0,0,0,0,0,0,0,0,0,0,0,0,0,0,0,0
